1774702716528	geckodriver	INFO	Listening on 127.0.0.1:50762
1774702719626	mozrunner::runner	INFO	Running command: "C:\\Users\\clems\\.cache\\selenium\\firefox\\win64\\149.0\\firefox.exe" "--marionette" "--headless" "--remo ... 3" "--remote-allow-hosts" "localhost" "-no-remote" "-profile" "C:\\Users\\clems\\AppData\\Local\\Temp\\rust_mozprofile5KR9Qe"
*** You are running in headless mode.
Dynamically enable window occlusion 0
1774702720417	Marionette	INFO	Marionette enabled
1774702720535	Marionette	INFO	Listening on port 50770
WebDriver BiDi listening on ws://127.0.0.1:50763
Read port: 50770
1774702720620	RemoteAgent	WARN	TLS certificate errors will be ignored for this session
[GFX1-]: RenderCompositorSWGL failed mapping default framebuffer, no dt
console.error: [Exception... "Component returned failure code: 0x80070057 (NS_ERROR_ILLEGAL_VALUE) [nsIWinTaskbar.getTaskbarProgress]"  nsresult: "0x80070057 (NS_ERROR_ILLEGAL_VALUE)"  location: "JS frame :: moz-src:///browser/components/downloads/DownloadsTaskbar.sys.mjs :: #windowsAttachIndicator :: line 183"  data: no]
console.error: "Experiment visual-card-updates has unknown featureId: newtabRefinedCardsLayout"
JavaScript error: resource://gre/actors/FormHandlerChild.sys.mjs, line 103: InvalidStateError: JSWindowActorChild.document getter: Cannot access property 'document' after actor 'FormHandler' has been destroyed
console.warn: LoginRecipes: "Falling back to a synchronous message for: https://www.demoblaze.com."
console.warn: LoginRecipes: "Falling back to a synchronous message for: https://www.demoblaze.com."
console.warn: LoginRecipes: "Falling back to a synchronous message for: https://www.demoblaze.com."
JavaScript error: resource://gre/actors/FormHandlerChild.sys.mjs, line 103: InvalidStateError: JSWindowActorChild.document getter: Cannot access property 'document' after actor 'FormHandler' has been destroyed
JavaScript error: resource://gre/actors/FormHandlerChild.sys.mjs, line 103: InvalidStateError: JSWindowActorChild.document getter: Cannot access property 'document' after actor 'FormHandler' has been destroyed
console.warn: LoginRecipes: "Falling back to a synchronous message for: https://www.demoblaze.com."
console.warn: LoginRecipes: "Falling back to a synchronous message for: https://www.demoblaze.com."
console.warn: LoginRecipes: "Falling back to a synchronous message for: https://www.demoblaze.com."
JavaScript error: resource://gre/actors/FormHandlerChild.sys.mjs, line 103: InvalidStateError: JSWindowActorChild.document getter: Cannot access property 'document' after actor 'FormHandler' has been destroyed
JavaScript error: resource://gre/actors/FormHandlerChild.sys.mjs, line 103: InvalidStateError: JSWindowActorChild.document getter: Cannot access property 'document' after actor 'FormHandler' has been destroyed
JavaScript error: resource://gre/actors/FormHandlerChild.sys.mjs, line 103: InvalidStateError: JSWindowActorChild.document getter: Cannot access property 'document' after actor 'FormHandler' has been destroyed
console.warn: LoginRecipes: "Falling back to a synchronous message for: https://www.demoblaze.com."
console.warn: LoginRecipes: "Falling back to a synchronous message for: https://www.demoblaze.com."
console.warn: LoginRecipes: "Falling back to a synchronous message for: https://www.demoblaze.com."
JavaScript error: resource://gre/actors/FormHandlerChild.sys.mjs, line 103: InvalidStateError: JSWindowActorChild.document getter: Cannot access property 'document' after actor 'FormHandler' has been destroyed
JavaScript error: resource://gre/actors/FormHandlerChild.sys.mjs, line 103: InvalidStateError: JSWindowActorChild.document getter: Cannot access property 'document' after actor 'FormHandler' has been destroyed
JavaScript error: resource://gre/actors/FormHandlerChild.sys.mjs, line 103: InvalidStateError: JSWindowActorChild.document getter: Cannot access property 'document' after actor 'FormHandler' has been destroyed
JavaScript error: resource://gre/actors/FormHandlerChild.sys.mjs, line 103: InvalidStateError: JSWindowActorChild.document getter: Cannot access property 'document' after actor 'FormHandler' has been destroyed
console.warn: LoginRecipes: "Falling back to a synchronous message for: https://www.demoblaze.com."
console.warn: LoginRecipes: "Falling back to a synchronous message for: https://www.demoblaze.com."
console.warn: LoginRecipes: "Falling back to a synchronous message for: https://www.demoblaze.com."
JavaScript error: resource://gre/actors/FormHandlerChild.sys.mjs, line 103: InvalidStateError: JSWindowActorChild.document getter: Cannot access property 'document' after actor 'FormHandler' has been destroyed
JavaScript error: resource://gre/actors/FormHandlerChild.sys.mjs, line 103: InvalidStateError: JSWindowActorChild.document getter: Cannot access property 'document' after actor 'FormHandler' has been destroyed
JavaScript error: resource://gre/actors/FormHandlerChild.sys.mjs, line 103: InvalidStateError: JSWindowActorChild.document getter: Cannot access property 'document' after actor 'FormHandler' has been destroyed
JavaScript error: resource://gre/actors/FormHandlerChild.sys.mjs, line 103: InvalidStateError: JSWindowActorChild.document getter: Cannot access property 'document' after actor 'FormHandler' has been destroyed
JavaScript error: resource://gre/actors/FormHandlerChild.sys.mjs, line 103: InvalidStateError: JSWindowActorChild.document getter: Cannot access property 'document' after actor 'FormHandler' has been destroyed
console.warn: LoginRecipes: "Falling back to a synchronous message for: https://www.demoblaze.com."
console.warn: LoginRecipes: "Falling back to a synchronous message for: https://www.demoblaze.com."
console.warn: LoginRecipes: "Falling back to a synchronous message for: https://www.demoblaze.com."
JavaScript error: resource://gre/actors/FormHandlerChild.sys.mjs, line 103: InvalidStateError: JSWindowActorChild.document getter: Cannot access property 'document' after actor 'FormHandler' has been destroyed
JavaScript error: resource://gre/actors/FormHandlerChild.sys.mjs, line 103: InvalidStateError: JSWindowActorChild.document getter: Cannot access property 'document' after actor 'FormHandler' has been destroyed
JavaScript error: resource://gre/actors/FormHandlerChild.sys.mjs, line 103: InvalidStateError: JSWindowActorChild.document getter: Cannot access property 'document' after actor 'FormHandler' has been destroyed
JavaScript error: resource://gre/actors/FormHandlerChild.sys.mjs, line 103: InvalidStateError: JSWindowActorChild.document getter: Cannot access property 'document' after actor 'FormHandler' has been destroyed
JavaScript error: resource://gre/actors/FormHandlerChild.sys.mjs, line 103: InvalidStateError: JSWindowActorChild.document getter: Cannot access property 'document' after actor 'FormHandler' has been destroyed
JavaScript error: resource://gre/actors/FormHandlerChild.sys.mjs, line 103: InvalidStateError: JSWindowActorChild.document getter: Cannot access property 'document' after actor 'FormHandler' has been destroyed
console.warn: LoginRecipes: "Falling back to a synchronous message for: https://www.demoblaze.com."
console.warn: LoginRecipes: "Falling back to a synchronous message for: https://www.demoblaze.com."
console.warn: LoginRecipes: "Falling back to a synchronous message for: https://www.demoblaze.com."
JavaScript error: resource://gre/actors/FormHandlerChild.sys.mjs, line 103: InvalidStateError: JSWindowActorChild.document getter: Cannot access property 'document' after actor 'FormHandler' has been destroyed
JavaScript error: resource://gre/actors/FormHandlerChild.sys.mjs, line 103: InvalidStateError: JSWindowActorChild.document getter: Cannot access property 'document' after actor 'FormHandler' has been destroyed
JavaScript error: resource://gre/actors/FormHandlerChild.sys.mjs, line 103: InvalidStateError: JSWindowActorChild.document getter: Cannot access property 'document' after actor 'FormHandler' has been destroyed
JavaScript error: resource://gre/actors/FormHandlerChild.sys.mjs, line 103: InvalidStateError: JSWindowActorChild.document getter: Cannot access property 'document' after actor 'FormHandler' has been destroyed
JavaScript error: resource://gre/actors/FormHandlerChild.sys.mjs, line 103: InvalidStateError: JSWindowActorChild.document getter: Cannot access property 'document' after actor 'FormHandler' has been destroyed
JavaScript error: resource://gre/actors/FormHandlerChild.sys.mjs, line 103: InvalidStateError: JSWindowActorChild.document getter: Cannot access property 'document' after actor 'FormHandler' has been destroyed
JavaScript error: resource://gre/actors/FormHandlerChild.sys.mjs, line 103: InvalidStateError: JSWindowActorChild.document getter: Cannot access property 'document' after actor 'FormHandler' has been destroyed
console.warn: LoginRecipes: "Falling back to a synchronous message for: https://www.demoblaze.com."
console.warn: LoginRecipes: "Falling back to a synchronous message for: https://www.demoblaze.com."
console.warn: LoginRecipes: "Falling back to a synchronous message for: https://www.demoblaze.com."
JavaScript error: resource://gre/actors/FormHandlerChild.sys.mjs, line 103: InvalidStateError: JSWindowActorChild.document getter: Cannot access property 'document' after actor 'FormHandler' has been destroyed
JavaScript error: resource://gre/actors/FormHandlerChild.sys.mjs, line 103: InvalidStateError: JSWindowActorChild.document getter: Cannot access property 'document' after actor 'FormHandler' has been destroyed
JavaScript error: resource://gre/actors/FormHandlerChild.sys.mjs, line 103: InvalidStateError: JSWindowActorChild.document getter: Cannot access property 'document' after actor 'FormHandler' has been destroyed
JavaScript error: resource://gre/actors/FormHandlerChild.sys.mjs, line 103: InvalidStateError: JSWindowActorChild.document getter: Cannot access property 'document' after actor 'FormHandler' has been destroyed
JavaScript error: resource://gre/actors/FormHandlerChild.sys.mjs, line 103: InvalidStateError: JSWindowActorChild.document getter: Cannot access property 'document' after actor 'FormHandler' has been destroyed
JavaScript error: resource://gre/actors/FormHandlerChild.sys.mjs, line 103: InvalidStateError: JSWindowActorChild.document getter: Cannot access property 'document' after actor 'FormHandler' has been destroyed
JavaScript error: resource://gre/actors/FormHandlerChild.sys.mjs, line 103: InvalidStateError: JSWindowActorChild.document getter: Cannot access property 'document' after actor 'FormHandler' has been destroyed
JavaScript error: resource://gre/actors/FormHandlerChild.sys.mjs, line 103: InvalidStateError: JSWindowActorChild.document getter: Cannot access property 'document' after actor 'FormHandler' has been destroyed
console.warn: LoginRecipes: "Falling back to a synchronous message for: https://www.demoblaze.com."
console.warn: LoginRecipes: "Falling back to a synchronous message for: https://www.demoblaze.com."
console.warn: LoginRecipes: "Falling back to a synchronous message for: https://www.demoblaze.com."
JavaScript error: resource://gre/actors/FormHandlerChild.sys.mjs, line 103: InvalidStateError: JSWindowActorChild.document getter: Cannot access property 'document' after actor 'FormHandler' has been destroyed
JavaScript error: resource://gre/actors/FormHandlerChild.sys.mjs, line 103: InvalidStateError: JSWindowActorChild.document getter: Cannot access property 'document' after actor 'FormHandler' has been destroyed
JavaScript error: resource://gre/actors/FormHandlerChild.sys.mjs, line 103: InvalidStateError: JSWindowActorChild.document getter: Cannot access property 'document' after actor 'FormHandler' has been destroyed
JavaScript error: resource://gre/actors/FormHandlerChild.sys.mjs, line 103: InvalidStateError: JSWindowActorChild.document getter: Cannot access property 'document' after actor 'FormHandler' has been destroyed
JavaScript error: resource://gre/actors/FormHandlerChild.sys.mjs, line 103: InvalidStateError: JSWindowActorChild.document getter: Cannot access property 'document' after actor 'FormHandler' has been destroyed
JavaScript error: resource://gre/actors/FormHandlerChild.sys.mjs, line 103: InvalidStateError: JSWindowActorChild.document getter: Cannot access property 'document' after actor 'FormHandler' has been destroyed
JavaScript error: resource://gre/actors/FormHandlerChild.sys.mjs, line 103: InvalidStateError: JSWindowActorChild.document getter: Cannot access property 'document' after actor 'FormHandler' has been destroyed
JavaScript error: resource://gre/actors/FormHandlerChild.sys.mjs, line 103: InvalidStateError: JSWindowActorChild.document getter: Cannot access property 'document' after actor 'FormHandler' has been destroyed
JavaScript error: resource://gre/actors/FormHandlerChild.sys.mjs, line 103: InvalidStateError: JSWindowActorChild.document getter: Cannot access property 'document' after actor 'FormHandler' has been destroyed
console.warn: LoginRecipes: "Falling back to a synchronous message for: https://www.demoblaze.com."
console.warn: LoginRecipes: "Falling back to a synchronous message for: https://www.demoblaze.com."
console.warn: LoginRecipes: "Falling back to a synchronous message for: https://www.demoblaze.com."
JavaScript error: resource://gre/actors/FormHandlerChild.sys.mjs, line 103: InvalidStateError: JSWindowActorChild.document getter: Cannot access property 'document' after actor 'FormHandler' has been destroyed
JavaScript error: resource://gre/actors/FormHandlerChild.sys.mjs, line 103: InvalidStateError: JSWindowActorChild.document getter: Cannot access property 'document' after actor 'FormHandler' has been destroyed
JavaScript error: resource://gre/actors/FormHandlerChild.sys.mjs, line 103: InvalidStateError: JSWindowActorChild.document getter: Cannot access property 'document' after actor 'FormHandler' has been destroyed
JavaScript error: resource://gre/actors/FormHandlerChild.sys.mjs, line 103: InvalidStateError: JSWindowActorChild.document getter: Cannot access property 'document' after actor 'FormHandler' has been destroyed
JavaScript error: resource://gre/actors/FormHandlerChild.sys.mjs, line 103: InvalidStateError: JSWindowActorChild.document getter: Cannot access property 'document' after actor 'FormHandler' has been destroyed
JavaScript error: resource://gre/actors/FormHandlerChild.sys.mjs, line 103: InvalidStateError: JSWindowActorChild.document getter: Cannot access property 'document' after actor 'FormHandler' has been destroyed
JavaScript error: resource://gre/actors/FormHandlerChild.sys.mjs, line 103: InvalidStateError: JSWindowActorChild.document getter: Cannot access property 'document' after actor 'FormHandler' has been destroyed
JavaScript error: resource://gre/actors/FormHandlerChild.sys.mjs, line 103: InvalidStateError: JSWindowActorChild.document getter: Cannot access property 'document' after actor 'FormHandler' has been destroyed
JavaScript error: resource://gre/actors/FormHandlerChild.sys.mjs, line 103: InvalidStateError: JSWindowActorChild.document getter: Cannot access property 'document' after actor 'FormHandler' has been destroyed
JavaScript error: resource://gre/actors/FormHandlerChild.sys.mjs, line 103: InvalidStateError: JSWindowActorChild.document getter: Cannot access property 'document' after actor 'FormHandler' has been destroyed
console.warn: LoginRecipes: "Falling back to a synchronous message for: https://www.demoblaze.com."
console.warn: LoginRecipes: "Falling back to a synchronous message for: https://www.demoblaze.com."
console.warn: LoginRecipes: "Falling back to a synchronous message for: https://www.demoblaze.com."
console.warn: LoginRecipes: "Falling back to a synchronous message for: https://www.demoblaze.com."
console.warn: LoginRecipes: "Falling back to a synchronous message for: https://www.demoblaze.com."
console.warn: LoginRecipes: "Falling back to a synchronous message for: https://www.demoblaze.com."
JavaScript error: resource://gre/actors/FormHandlerChild.sys.mjs, line 103: InvalidStateError: JSWindowActorChild.document getter: Cannot access property 'document' after actor 'FormHandler' has been destroyed
JavaScript error: resource://gre/actors/FormHandlerChild.sys.mjs, line 103: InvalidStateError: JSWindowActorChild.document getter: Cannot access property 'document' after actor 'FormHandler' has been destroyed
JavaScript error: resource://gre/actors/FormHandlerChild.sys.mjs, line 103: InvalidStateError: JSWindowActorChild.document getter: Cannot access property 'document' after actor 'FormHandler' has been destroyed
JavaScript error: resource://gre/actors/FormHandlerChild.sys.mjs, line 103: InvalidStateError: JSWindowActorChild.document getter: Cannot access property 'document' after actor 'FormHandler' has been destroyed
JavaScript error: resource://gre/actors/FormHandlerChild.sys.mjs, line 103: InvalidStateError: JSWindowActorChild.document getter: Cannot access property 'document' after actor 'FormHandler' has been destroyed
JavaScript error: resource://gre/actors/FormHandlerChild.sys.mjs, line 103: InvalidStateError: JSWindowActorChild.document getter: Cannot access property 'document' after actor 'FormHandler' has been destroyed
JavaScript error: resource://gre/actors/FormHandlerChild.sys.mjs, line 103: InvalidStateError: JSWindowActorChild.document getter: Cannot access property 'document' after actor 'FormHandler' has been destroyed
JavaScript error: resource://gre/actors/FormHandlerChild.sys.mjs, line 103: InvalidStateError: JSWindowActorChild.document getter: Cannot access property 'document' after actor 'FormHandler' has been destroyed
JavaScript error: resource://gre/actors/FormHandlerChild.sys.mjs, line 103: InvalidStateError: JSWindowActorChild.document getter: Cannot access property 'document' after actor 'FormHandler' has been destroyed
JavaScript error: resource://gre/actors/FormHandlerChild.sys.mjs, line 103: InvalidStateError: JSWindowActorChild.document getter: Cannot access property 'document' after actor 'FormHandler' has been destroyed
JavaScript error: resource://gre/actors/FormHandlerChild.sys.mjs, line 103: InvalidStateError: JSWindowActorChild.document getter: Cannot access property 'document' after actor 'FormHandler' has been destroyed
JavaScript error: resource://gre/actors/FormHandlerChild.sys.mjs, line 103: InvalidStateError: JSWindowActorChild.document getter: Cannot access property 'document' after actor 'FormHandler' has been destroyed
1774702761699	Marionette	INFO	Stopped listening on port 50770
Dynamically enable window occlusion 1
console.error: Translations: "Failed to run language detection." (new AbortError("Actor 'Translations' destroyed before query 'Translations:GetDocumentElementLang' was resolved", (void 0)))
console.error: RemoteSecuritySettings: 
  failed to download CRLite filter
Object
  - prototype Object
    - columnNumber = 11
    - data = null
    - filename = resource://gre/modules/ServiceRequest.sys.mjs
    - lineNumber = 126
    - location = {"name":"open","filename":"resource://gre/modules/ServiceRequest.sys.mjs","sourceId":27,"lineNumber":126,"columnNumber":11,"asyncCause":null,"asyncCaller":null,"caller":{"filename":"resource://services-settings/Utils.sys.mjs","name":"fetch/<","sourceId":26,"lineNumber":284,"columnNumber":15,"asyncCause":null,"asyncCaller":null,"caller":{"filename":"resource://services-settings/Utils.sys.mjs","name":"fetch","sourceId":26,"lineNumber":235,"columnNumber":12,"asyncCause":null,"asyncCaller":null,"caller":{"filename":"resource://services-settings/Attachments.sys.mjs","name":"_fetchAttachment","sourceId":25,"lineNumber":560,"columnNumber":35,"asyncCause":null,"asyncCaller":null,"caller":{"filename":"resource://services-settings/Attachments.sys.mjs","name":"downloadAsBytes","sourceId":25,"lineNumber":537,"columnNumber":35,"asyncCause":null,"asyncCaller":null,"caller":null,"formattedStack":"downloadAsBytes@resource://services-settings/Attachments.sys.mjs:537:35\n","nativeSavedFrame":{}},"formattedStack":"_fetchAttachment@resource://services-settings/Attachments.sys.mjs:560:35\ndownloadAsBytes@resource://services-settings/Attachments.sys.mjs:537:35\n","nativeSavedFrame":{}},"formattedStack":"fetch@resource://services-settings/Utils.sys.mjs:235:12\n_fetchAttachment@resource://services-settings/Attachments.sys.mjs:560:35\ndownloadAsBytes@resource://services-settings/Attachments.sys.mjs:537:35\n","nativeSavedFrame":{}},"formattedStack":"fetch/<@resource://services-settings/Utils.sys.mjs:284:15\nfetch@resource://services-settings/Utils.sys.mjs:235:12\n_fetchAttachment@resource://services-settings/Attachments.sys.mjs:560:35\ndownloadAsBytes@resource://services-settings/Attachments.sys.mjs:537:35\n","nativeSavedFrame":{}},"formattedStack":"open@resource://gre/modules/ServiceRequest.sys.mjs:126:11\nfetch/<@resource://services-settings/Utils.sys.mjs:284:15\nfetch@resource://services-settings/Utils.sys.mjs:235:12\n_fetchAttachment@resource://services-settings/Attachments.sys.mjs:560:35\ndownloadAsBytes@resource://services-settings/Attachments.sys.mjs:537:35\n","nativeSavedFrame":{}}
    - message = 
    - name = 
    - result = 2152071198
    - stack = open@resource://gre/modules/ServiceRequest.sys.mjs:126:11|fetch/<@resource://services-settings/Utils.sys.mjs:284:15|fetch@resource://services-settings/Utils.sys.mjs:235:12|_fetchAttachment@resource://services-settings/Attachments.sys.mjs:560:35|downloadAsBytes@resource://services-settings/Attachments.sys.mjs:537:35|
  - prototype Object
console.error: RemoteSecuritySettings: 
  failed to download CRLite filter
Object
  - prototype Object
    - columnNumber = 11
    - data = null
    - filename = resource://gre/modules/ServiceRequest.sys.mjs
    - lineNumber = 126
    - location = {"name":"open","filename":"resource://gre/modules/ServiceRequest.sys.mjs","sourceId":27,"lineNumber":126,"columnNumber":11,"asyncCause":null,"asyncCaller":null,"caller":{"filename":"resource://services-settings/Utils.sys.mjs","name":"fetch/<","sourceId":26,"lineNumber":284,"columnNumber":15,"asyncCause":null,"asyncCaller":null,"caller":{"filename":"resource://services-settings/Utils.sys.mjs","name":"fetch","sourceId":26,"lineNumber":235,"columnNumber":12,"asyncCause":null,"asyncCaller":null,"caller":{"filename":"resource://services-settings/Attachments.sys.mjs","name":"_fetchAttachment","sourceId":25,"lineNumber":560,"columnNumber":35,"asyncCause":null,"asyncCaller":null,"caller":{"filename":"resource://services-settings/Attachments.sys.mjs","name":"downloadAsBytes","sourceId":25,"lineNumber":537,"columnNumber":35,"asyncCause":null,"asyncCaller":null,"caller":null,"formattedStack":"downloadAsBytes@resource://services-settings/Attachments.sys.mjs:537:35\n","nativeSavedFrame":{}},"formattedStack":"_fetchAttachment@resource://services-settings/Attachments.sys.mjs:560:35\ndownloadAsBytes@resource://services-settings/Attachments.sys.mjs:537:35\n","nativeSavedFrame":{}},"formattedStack":"fetch@resource://services-settings/Utils.sys.mjs:235:12\n_fetchAttachment@resource://services-settings/Attachments.sys.mjs:560:35\ndownloadAsBytes@resource://services-settings/Attachments.sys.mjs:537:35\n","nativeSavedFrame":{}},"formattedStack":"fetch/<@resource://services-settings/Utils.sys.mjs:284:15\nfetch@resource://services-settings/Utils.sys.mjs:235:12\n_fetchAttachment@resource://services-settings/Attachments.sys.mjs:560:35\ndownloadAsBytes@resource://services-settings/Attachments.sys.mjs:537:35\n","nativeSavedFrame":{}},"formattedStack":"open@resource://gre/modules/ServiceRequest.sys.mjs:126:11\nfetch/<@resource://services-settings/Utils.sys.mjs:284:15\nfetch@resource://services-settings/Utils.sys.mjs:235:12\n_fetchAttachment@resource://services-settings/Attachments.sys.mjs:560:35\ndownloadAsBytes@resource://services-settings/Attachments.sys.mjs:537:35\n","nativeSavedFrame":{}}
    - message = 
    - name = 
    - result = 2152071198
    - stack = open@resource://gre/modules/ServiceRequest.sys.mjs:126:11|fetch/<@resource://services-settings/Utils.sys.mjs:284:15|fetch@resource://services-settings/Utils.sys.mjs:235:12|_fetchAttachment@resource://services-settings/Attachments.sys.mjs:560:35|downloadAsBytes@resource://services-settings/Attachments.sys.mjs:537:35|
  - prototype Object
console.error: RemoteSecuritySettings: 
  failed to download CRLite filter
Object
  - prototype Object
    - columnNumber = 11
    - data = null
    - filename = resource://gre/modules/ServiceRequest.sys.mjs
    - lineNumber = 126
    - location = {"name":"open","filename":"resource://gre/modules/ServiceRequest.sys.mjs","sourceId":27,"lineNumber":126,"columnNumber":11,"asyncCause":null,"asyncCaller":null,"caller":{"filename":"resource://services-settings/Utils.sys.mjs","name":"fetch/<","sourceId":26,"lineNumber":284,"columnNumber":15,"asyncCause":null,"asyncCaller":null,"caller":{"filename":"resource://services-settings/Utils.sys.mjs","name":"fetch","sourceId":26,"lineNumber":235,"columnNumber":12,"asyncCause":null,"asyncCaller":null,"caller":{"filename":"resource://services-settings/Attachments.sys.mjs","name":"_fetchAttachment","sourceId":25,"lineNumber":560,"columnNumber":35,"asyncCause":null,"asyncCaller":null,"caller":{"filename":"resource://services-settings/Attachments.sys.mjs","name":"downloadAsBytes","sourceId":25,"lineNumber":537,"columnNumber":35,"asyncCause":null,"asyncCaller":null,"caller":null,"formattedStack":"downloadAsBytes@resource://services-settings/Attachments.sys.mjs:537:35\n","nativeSavedFrame":{}},"formattedStack":"_fetchAttachment@resource://services-settings/Attachments.sys.mjs:560:35\ndownloadAsBytes@resource://services-settings/Attachments.sys.mjs:537:35\n","nativeSavedFrame":{}},"formattedStack":"fetch@resource://services-settings/Utils.sys.mjs:235:12\n_fetchAttachment@resource://services-settings/Attachments.sys.mjs:560:35\ndownloadAsBytes@resource://services-settings/Attachments.sys.mjs:537:35\n","nativeSavedFrame":{}},"formattedStack":"fetch/<@resource://services-settings/Utils.sys.mjs:284:15\nfetch@resource://services-settings/Utils.sys.mjs:235:12\n_fetchAttachment@resource://services-settings/Attachments.sys.mjs:560:35\ndownloadAsBytes@resource://services-settings/Attachments.sys.mjs:537:35\n","nativeSavedFrame":{}},"formattedStack":"open@resource://gre/modules/ServiceRequest.sys.mjs:126:11\nfetch/<@resource://services-settings/Utils.sys.mjs:284:15\nfetch@resource://services-settings/Utils.sys.mjs:235:12\n_fetchAttachment@resource://services-settings/Attachments.sys.mjs:560:35\ndownloadAsBytes@resource://services-settings/Attachments.sys.mjs:537:35\n","nativeSavedFrame":{}}
    - message = 
    - name = 
    - result = 2152071198
    - stack = open@resource://gre/modules/ServiceRequest.sys.mjs:126:11|fetch/<@resource://services-settings/Utils.sys.mjs:284:15|fetch@resource://services-settings/Utils.sys.mjs:235:12|_fetchAttachment@resource://services-settings/Attachments.sys.mjs:560:35|downloadAsBytes@resource://services-settings/Attachments.sys.mjs:537:35|
  - prototype Object
console.error: RemoteSecuritySettings: 
  failed to download CRLite filter
Object
  - prototype Object
    - columnNumber = 11
    - data = null
    - filename = resource://gre/modules/ServiceRequest.sys.mjs
    - lineNumber = 126
    - location = {"name":"open","filename":"resource://gre/modules/ServiceRequest.sys.mjs","sourceId":27,"lineNumber":126,"columnNumber":11,"asyncCause":null,"asyncCaller":null,"caller":{"filename":"resource://services-settings/Utils.sys.mjs","name":"fetch/<","sourceId":26,"lineNumber":284,"columnNumber":15,"asyncCause":null,"asyncCaller":null,"caller":{"filename":"resource://services-settings/Utils.sys.mjs","name":"fetch","sourceId":26,"lineNumber":235,"columnNumber":12,"asyncCause":null,"asyncCaller":null,"caller":{"filename":"resource://services-settings/Attachments.sys.mjs","name":"_fetchAttachment","sourceId":25,"lineNumber":560,"columnNumber":35,"asyncCause":null,"asyncCaller":null,"caller":{"filename":"resource://services-settings/Attachments.sys.mjs","name":"downloadAsBytes","sourceId":25,"lineNumber":537,"columnNumber":35,"asyncCause":null,"asyncCaller":null,"caller":null,"formattedStack":"downloadAsBytes@resource://services-settings/Attachments.sys.mjs:537:35\n","nativeSavedFrame":{}},"formattedStack":"_fetchAttachment@resource://services-settings/Attachments.sys.mjs:560:35\ndownloadAsBytes@resource://services-settings/Attachments.sys.mjs:537:35\n","nativeSavedFrame":{}},"formattedStack":"fetch@resource://services-settings/Utils.sys.mjs:235:12\n_fetchAttachment@resource://services-settings/Attachments.sys.mjs:560:35\ndownloadAsBytes@resource://services-settings/Attachments.sys.mjs:537:35\n","nativeSavedFrame":{}},"formattedStack":"fetch/<@resource://services-settings/Utils.sys.mjs:284:15\nfetch@resource://services-settings/Utils.sys.mjs:235:12\n_fetchAttachment@resource://services-settings/Attachments.sys.mjs:560:35\ndownloadAsBytes@resource://services-settings/Attachments.sys.mjs:537:35\n","nativeSavedFrame":{}},"formattedStack":"open@resource://gre/modules/ServiceRequest.sys.mjs:126:11\nfetch/<@resource://services-settings/Utils.sys.mjs:284:15\nfetch@resource://services-settings/Utils.sys.mjs:235:12\n_fetchAttachment@resource://services-settings/Attachments.sys.mjs:560:35\ndownloadAsBytes@resource://services-settings/Attachments.sys.mjs:537:35\n","nativeSavedFrame":{}}
    - message = 
    - name = 
    - result = 2152071198
    - stack = open@resource://gre/modules/ServiceRequest.sys.mjs:126:11|fetch/<@resource://services-settings/Utils.sys.mjs:284:15|fetch@resource://services-settings/Utils.sys.mjs:235:12|_fetchAttachment@resource://services-settings/Attachments.sys.mjs:560:35|downloadAsBytes@resource://services-settings/Attachments.sys.mjs:537:35|
  - prototype Object
console.error: RemoteSecuritySettings: 
  failed to download CRLite filter
Object
  - prototype Object
    - columnNumber = 11
    - data = null
    - filename = resource://gre/modules/ServiceRequest.sys.mjs
    - lineNumber = 126
    - location = {"name":"open","filename":"resource://gre/modules/ServiceRequest.sys.mjs","sourceId":27,"lineNumber":126,"columnNumber":11,"asyncCause":null,"asyncCaller":null,"caller":{"filename":"resource://services-settings/Utils.sys.mjs","name":"fetch/<","sourceId":26,"lineNumber":284,"columnNumber":15,"asyncCause":null,"asyncCaller":null,"caller":{"filename":"resource://services-settings/Utils.sys.mjs","name":"fetch","sourceId":26,"lineNumber":235,"columnNumber":12,"asyncCause":null,"asyncCaller":null,"caller":{"filename":"resource://services-settings/Attachments.sys.mjs","name":"_fetchAttachment","sourceId":25,"lineNumber":560,"columnNumber":35,"asyncCause":null,"asyncCaller":null,"caller":{"filename":"resource://services-settings/Attachments.sys.mjs","name":"downloadAsBytes","sourceId":25,"lineNumber":537,"columnNumber":35,"asyncCause":null,"asyncCaller":null,"caller":null,"formattedStack":"downloadAsBytes@resource://services-settings/Attachments.sys.mjs:537:35\n","nativeSavedFrame":{}},"formattedStack":"_fetchAttachment@resource://services-settings/Attachments.sys.mjs:560:35\ndownloadAsBytes@resource://services-settings/Attachments.sys.mjs:537:35\n","nativeSavedFrame":{}},"formattedStack":"fetch@resource://services-settings/Utils.sys.mjs:235:12\n_fetchAttachment@resource://services-settings/Attachments.sys.mjs:560:35\ndownloadAsBytes@resource://services-settings/Attachments.sys.mjs:537:35\n","nativeSavedFrame":{}},"formattedStack":"fetch/<@resource://services-settings/Utils.sys.mjs:284:15\nfetch@resource://services-settings/Utils.sys.mjs:235:12\n_fetchAttachment@resource://services-settings/Attachments.sys.mjs:560:35\ndownloadAsBytes@resource://services-settings/Attachments.sys.mjs:537:35\n","nativeSavedFrame":{}},"formattedStack":"open@resource://gre/modules/ServiceRequest.sys.mjs:126:11\nfetch/<@resource://services-settings/Utils.sys.mjs:284:15\nfetch@resource://services-settings/Utils.sys.mjs:235:12\n_fetchAttachment@resource://services-settings/Attachments.sys.mjs:560:35\ndownloadAsBytes@resource://services-settings/Attachments.sys.mjs:537:35\n","nativeSavedFrame":{}}
    - message = 
    - name = 
    - result = 2152071198
    - stack = open@resource://gre/modules/ServiceRequest.sys.mjs:126:11|fetch/<@resource://services-settings/Utils.sys.mjs:284:15|fetch@resource://services-settings/Utils.sys.mjs:235:12|_fetchAttachment@resource://services-settings/Attachments.sys.mjs:560:35|downloadAsBytes@resource://services-settings/Attachments.sys.mjs:537:35|
  - prototype Object
console.error: RemoteSecuritySettings: 
  failed to download CRLite filter
Object
  - prototype Object
    - columnNumber = 11
    - data = null
    - filename = resource://gre/modules/ServiceRequest.sys.mjs
    - lineNumber = 126
    - location = {"name":"open","filename":"resource://gre/modules/ServiceRequest.sys.mjs","sourceId":27,"lineNumber":126,"columnNumber":11,"asyncCause":null,"asyncCaller":null,"caller":{"filename":"resource://services-settings/Utils.sys.mjs","name":"fetch/<","sourceId":26,"lineNumber":284,"columnNumber":15,"asyncCause":null,"asyncCaller":null,"caller":{"filename":"resource://services-settings/Utils.sys.mjs","name":"fetch","sourceId":26,"lineNumber":235,"columnNumber":12,"asyncCause":null,"asyncCaller":null,"caller":{"filename":"resource://services-settings/Attachments.sys.mjs","name":"_fetchAttachment","sourceId":25,"lineNumber":560,"columnNumber":35,"asyncCause":null,"asyncCaller":null,"caller":{"filename":"resource://services-settings/Attachments.sys.mjs","name":"downloadAsBytes","sourceId":25,"lineNumber":537,"columnNumber":35,"asyncCause":null,"asyncCaller":null,"caller":null,"formattedStack":"downloadAsBytes@resource://services-settings/Attachments.sys.mjs:537:35\n","nativeSavedFrame":{}},"formattedStack":"_fetchAttachment@resource://services-settings/Attachments.sys.mjs:560:35\ndownloadAsBytes@resource://services-settings/Attachments.sys.mjs:537:35\n","nativeSavedFrame":{}},"formattedStack":"fetch@resource://services-settings/Utils.sys.mjs:235:12\n_fetchAttachment@resource://services-settings/Attachments.sys.mjs:560:35\ndownloadAsBytes@resource://services-settings/Attachments.sys.mjs:537:35\n","nativeSavedFrame":{}},"formattedStack":"fetch/<@resource://services-settings/Utils.sys.mjs:284:15\nfetch@resource://services-settings/Utils.sys.mjs:235:12\n_fetchAttachment@resource://services-settings/Attachments.sys.mjs:560:35\ndownloadAsBytes@resource://services-settings/Attachments.sys.mjs:537:35\n","nativeSavedFrame":{}},"formattedStack":"open@resource://gre/modules/ServiceRequest.sys.mjs:126:11\nfetch/<@resource://services-settings/Utils.sys.mjs:284:15\nfetch@resource://services-settings/Utils.sys.mjs:235:12\n_fetchAttachment@resource://services-settings/Attachments.sys.mjs:560:35\ndownloadAsBytes@resource://services-settings/Attachments.sys.mjs:537:35\n","nativeSavedFrame":{}}
    - message = 
    - name = 
    - result = 2152071198
    - stack = open@resource://gre/modules/ServiceRequest.sys.mjs:126:11|fetch/<@resource://services-settings/Utils.sys.mjs:284:15|fetch@resource://services-settings/Utils.sys.mjs:235:12|_fetchAttachment@resource://services-settings/Attachments.sys.mjs:560:35|downloadAsBytes@resource://services-settings/Attachments.sys.mjs:537:35|
  - prototype Object
console.error: RemoteSecuritySettings: 
  failed to download CRLite filter
Object
  - prototype Object
    - columnNumber = 11
    - data = null
    - filename = resource://gre/modules/ServiceRequest.sys.mjs
    - lineNumber = 126
    - location = {"name":"open","filename":"resource://gre/modules/ServiceRequest.sys.mjs","sourceId":27,"lineNumber":126,"columnNumber":11,"asyncCause":null,"asyncCaller":null,"caller":{"filename":"resource://services-settings/Utils.sys.mjs","name":"fetch/<","sourceId":26,"lineNumber":284,"columnNumber":15,"asyncCause":null,"asyncCaller":null,"caller":{"filename":"resource://services-settings/Utils.sys.mjs","name":"fetch","sourceId":26,"lineNumber":235,"columnNumber":12,"asyncCause":null,"asyncCaller":null,"caller":{"filename":"resource://services-settings/Attachments.sys.mjs","name":"_fetchAttachment","sourceId":25,"lineNumber":560,"columnNumber":35,"asyncCause":null,"asyncCaller":null,"caller":{"filename":"resource://services-settings/Attachments.sys.mjs","name":"downloadAsBytes","sourceId":25,"lineNumber":537,"columnNumber":35,"asyncCause":null,"asyncCaller":null,"caller":null,"formattedStack":"downloadAsBytes@resource://services-settings/Attachments.sys.mjs:537:35\n","nativeSavedFrame":{}},"formattedStack":"_fetchAttachment@resource://services-settings/Attachments.sys.mjs:560:35\ndownloadAsBytes@resource://services-settings/Attachments.sys.mjs:537:35\n","nativeSavedFrame":{}},"formattedStack":"fetch@resource://services-settings/Utils.sys.mjs:235:12\n_fetchAttachment@resource://services-settings/Attachments.sys.mjs:560:35\ndownloadAsBytes@resource://services-settings/Attachments.sys.mjs:537:35\n","nativeSavedFrame":{}},"formattedStack":"fetch/<@resource://services-settings/Utils.sys.mjs:284:15\nfetch@resource://services-settings/Utils.sys.mjs:235:12\n_fetchAttachment@resource://services-settings/Attachments.sys.mjs:560:35\ndownloadAsBytes@resource://services-settings/Attachments.sys.mjs:537:35\n","nativeSavedFrame":{}},"formattedStack":"open@resource://gre/modules/ServiceRequest.sys.mjs:126:11\nfetch/<@resource://services-settings/Utils.sys.mjs:284:15\nfetch@resource://services-settings/Utils.sys.mjs:235:12\n_fetchAttachment@resource://services-settings/Attachments.sys.mjs:560:35\ndownloadAsBytes@resource://services-settings/Attachments.sys.mjs:537:35\n","nativeSavedFrame":{}}
    - message = 
    - name = 
    - result = 2152071198
    - stack = open@resource://gre/modules/ServiceRequest.sys.mjs:126:11|fetch/<@resource://services-settings/Utils.sys.mjs:284:15|fetch@resource://services-settings/Utils.sys.mjs:235:12|_fetchAttachment@resource://services-settings/Attachments.sys.mjs:560:35|downloadAsBytes@resource://services-settings/Attachments.sys.mjs:537:35|
  - prototype Object
console.error: RemoteSecuritySettings: 
  failed to download CRLite filter
Object
  - prototype Object
    - columnNumber = 11
    - data = null
    - filename = resource://gre/modules/ServiceRequest.sys.mjs
    - lineNumber = 126
    - location = {"name":"open","filename":"resource://gre/modules/ServiceRequest.sys.mjs","sourceId":27,"lineNumber":126,"columnNumber":11,"asyncCause":null,"asyncCaller":null,"caller":{"filename":"resource://services-settings/Utils.sys.mjs","name":"fetch/<","sourceId":26,"lineNumber":284,"columnNumber":15,"asyncCause":null,"asyncCaller":null,"caller":{"filename":"resource://services-settings/Utils.sys.mjs","name":"fetch","sourceId":26,"lineNumber":235,"columnNumber":12,"asyncCause":null,"asyncCaller":null,"caller":{"filename":"resource://services-settings/Attachments.sys.mjs","name":"_fetchAttachment","sourceId":25,"lineNumber":560,"columnNumber":35,"asyncCause":null,"asyncCaller":null,"caller":{"filename":"resource://services-settings/Attachments.sys.mjs","name":"downloadAsBytes","sourceId":25,"lineNumber":537,"columnNumber":35,"asyncCause":null,"asyncCaller":null,"caller":null,"formattedStack":"downloadAsBytes@resource://services-settings/Attachments.sys.mjs:537:35\n","nativeSavedFrame":{}},"formattedStack":"_fetchAttachment@resource://services-settings/Attachments.sys.mjs:560:35\ndownloadAsBytes@resource://services-settings/Attachments.sys.mjs:537:35\n","nativeSavedFrame":{}},"formattedStack":"fetch@resource://services-settings/Utils.sys.mjs:235:12\n_fetchAttachment@resource://services-settings/Attachments.sys.mjs:560:35\ndownloadAsBytes@resource://services-settings/Attachments.sys.mjs:537:35\n","nativeSavedFrame":{}},"formattedStack":"fetch/<@resource://services-settings/Utils.sys.mjs:284:15\nfetch@resource://services-settings/Utils.sys.mjs:235:12\n_fetchAttachment@resource://services-settings/Attachments.sys.mjs:560:35\ndownloadAsBytes@resource://services-settings/Attachments.sys.mjs:537:35\n","nativeSavedFrame":{}},"formattedStack":"open@resource://gre/modules/ServiceRequest.sys.mjs:126:11\nfetch/<@resource://services-settings/Utils.sys.mjs:284:15\nfetch@resource://services-settings/Utils.sys.mjs:235:12\n_fetchAttachment@resource://services-settings/Attachments.sys.mjs:560:35\ndownloadAsBytes@resource://services-settings/Attachments.sys.mjs:537:35\n","nativeSavedFrame":{}}
    - message = 
    - name = 
    - result = 2152071198
    - stack = open@resource://gre/modules/ServiceRequest.sys.mjs:126:11|fetch/<@resource://services-settings/Utils.sys.mjs:284:15|fetch@resource://services-settings/Utils.sys.mjs:235:12|_fetchAttachment@resource://services-settings/Attachments.sys.mjs:560:35|downloadAsBytes@resource://services-settings/Attachments.sys.mjs:537:35|
  - prototype Object
console.error: RemoteSecuritySettings: 
  failed to download CRLite filter
Object
  - prototype Object
    - columnNumber = 11
    - data = null
    - filename = resource://gre/modules/ServiceRequest.sys.mjs
    - lineNumber = 126
    - location = {"name":"open","filename":"resource://gre/modules/ServiceRequest.sys.mjs","sourceId":27,"lineNumber":126,"columnNumber":11,"asyncCause":null,"asyncCaller":null,"caller":{"filename":"resource://services-settings/Utils.sys.mjs","name":"fetch/<","sourceId":26,"lineNumber":284,"columnNumber":15,"asyncCause":null,"asyncCaller":null,"caller":{"filename":"resource://services-settings/Utils.sys.mjs","name":"fetch","sourceId":26,"lineNumber":235,"columnNumber":12,"asyncCause":null,"asyncCaller":null,"caller":{"filename":"resource://services-settings/Attachments.sys.mjs","name":"_fetchAttachment","sourceId":25,"lineNumber":560,"columnNumber":35,"asyncCause":null,"asyncCaller":null,"caller":{"filename":"resource://services-settings/Attachments.sys.mjs","name":"downloadAsBytes","sourceId":25,"lineNumber":537,"columnNumber":35,"asyncCause":null,"asyncCaller":null,"caller":null,"formattedStack":"downloadAsBytes@resource://services-settings/Attachments.sys.mjs:537:35\n","nativeSavedFrame":{}},"formattedStack":"_fetchAttachment@resource://services-settings/Attachments.sys.mjs:560:35\ndownloadAsBytes@resource://services-settings/Attachments.sys.mjs:537:35\n","nativeSavedFrame":{}},"formattedStack":"fetch@resource://services-settings/Utils.sys.mjs:235:12\n_fetchAttachment@resource://services-settings/Attachments.sys.mjs:560:35\ndownloadAsBytes@resource://services-settings/Attachments.sys.mjs:537:35\n","nativeSavedFrame":{}},"formattedStack":"fetch/<@resource://services-settings/Utils.sys.mjs:284:15\nfetch@resource://services-settings/Utils.sys.mjs:235:12\n_fetchAttachment@resource://services-settings/Attachments.sys.mjs:560:35\ndownloadAsBytes@resource://services-settings/Attachments.sys.mjs:537:35\n","nativeSavedFrame":{}},"formattedStack":"open@resource://gre/modules/ServiceRequest.sys.mjs:126:11\nfetch/<@resource://services-settings/Utils.sys.mjs:284:15\nfetch@resource://services-settings/Utils.sys.mjs:235:12\n_fetchAttachment@resource://services-settings/Attachments.sys.mjs:560:35\ndownloadAsBytes@resource://services-settings/Attachments.sys.mjs:537:35\n","nativeSavedFrame":{}}
    - message = 
    - name = 
    - result = 2152071198
    - stack = open@resource://gre/modules/ServiceRequest.sys.mjs:126:11|fetch/<@resource://services-settings/Utils.sys.mjs:284:15|fetch@resource://services-settings/Utils.sys.mjs:235:12|_fetchAttachment@resource://services-settings/Attachments.sys.mjs:560:35|downloadAsBytes@resource://services-settings/Attachments.sys.mjs:537:35|
  - prototype Object
console.error: RemoteSecuritySettings: 
  failed to download CRLite filter
Object
  - prototype Object
    - columnNumber = 11
    - data = null
    - filename = resource://gre/modules/ServiceRequest.sys.mjs
    - lineNumber = 126
    - location = {"name":"open","filename":"resource://gre/modules/ServiceRequest.sys.mjs","sourceId":27,"lineNumber":126,"columnNumber":11,"asyncCause":null,"asyncCaller":null,"caller":{"filename":"resource://services-settings/Utils.sys.mjs","name":"fetch/<","sourceId":26,"lineNumber":284,"columnNumber":15,"asyncCause":null,"asyncCaller":null,"caller":{"filename":"resource://services-settings/Utils.sys.mjs","name":"fetch","sourceId":26,"lineNumber":235,"columnNumber":12,"asyncCause":null,"asyncCaller":null,"caller":{"filename":"resource://services-settings/Attachments.sys.mjs","name":"_fetchAttachment","sourceId":25,"lineNumber":560,"columnNumber":35,"asyncCause":null,"asyncCaller":null,"caller":{"filename":"resource://services-settings/Attachments.sys.mjs","name":"downloadAsBytes","sourceId":25,"lineNumber":537,"columnNumber":35,"asyncCause":null,"asyncCaller":null,"caller":null,"formattedStack":"downloadAsBytes@resource://services-settings/Attachments.sys.mjs:537:35\n","nativeSavedFrame":{}},"formattedStack":"_fetchAttachment@resource://services-settings/Attachments.sys.mjs:560:35\ndownloadAsBytes@resource://services-settings/Attachments.sys.mjs:537:35\n","nativeSavedFrame":{}},"formattedStack":"fetch@resource://services-settings/Utils.sys.mjs:235:12\n_fetchAttachment@resource://services-settings/Attachments.sys.mjs:560:35\ndownloadAsBytes@resource://services-settings/Attachments.sys.mjs:537:35\n","nativeSavedFrame":{}},"formattedStack":"fetch/<@resource://services-settings/Utils.sys.mjs:284:15\nfetch@resource://services-settings/Utils.sys.mjs:235:12\n_fetchAttachment@resource://services-settings/Attachments.sys.mjs:560:35\ndownloadAsBytes@resource://services-settings/Attachments.sys.mjs:537:35\n","nativeSavedFrame":{}},"formattedStack":"open@resource://gre/modules/ServiceRequest.sys.mjs:126:11\nfetch/<@resource://services-settings/Utils.sys.mjs:284:15\nfetch@resource://services-settings/Utils.sys.mjs:235:12\n_fetchAttachment@resource://services-settings/Attachments.sys.mjs:560:35\ndownloadAsBytes@resource://services-settings/Attachments.sys.mjs:537:35\n","nativeSavedFrame":{}}
    - message = 
    - name = 
    - result = 2152071198
    - stack = open@resource://gre/modules/ServiceRequest.sys.mjs:126:11|fetch/<@resource://services-settings/Utils.sys.mjs:284:15|fetch@resource://services-settings/Utils.sys.mjs:235:12|_fetchAttachment@resource://services-settings/Attachments.sys.mjs:560:35|downloadAsBytes@resource://services-settings/Attachments.sys.mjs:537:35|
  - prototype Object
console.error: RemoteSecuritySettings: 
  failed to download CRLite filter
Object
  - prototype Object
    - columnNumber = 11
    - data = null
    - filename = resource://gre/modules/ServiceRequest.sys.mjs
    - lineNumber = 126
    - location = {"name":"open","filename":"resource://gre/modules/ServiceRequest.sys.mjs","sourceId":27,"lineNumber":126,"columnNumber":11,"asyncCause":null,"asyncCaller":null,"caller":{"filename":"resource://services-settings/Utils.sys.mjs","name":"fetch/<","sourceId":26,"lineNumber":284,"columnNumber":15,"asyncCause":null,"asyncCaller":null,"caller":{"filename":"resource://services-settings/Utils.sys.mjs","name":"fetch","sourceId":26,"lineNumber":235,"columnNumber":12,"asyncCause":null,"asyncCaller":null,"caller":{"filename":"resource://services-settings/Attachments.sys.mjs","name":"_fetchAttachment","sourceId":25,"lineNumber":560,"columnNumber":35,"asyncCause":null,"asyncCaller":null,"caller":{"filename":"resource://services-settings/Attachments.sys.mjs","name":"downloadAsBytes","sourceId":25,"lineNumber":537,"columnNumber":35,"asyncCause":null,"asyncCaller":null,"caller":null,"formattedStack":"downloadAsBytes@resource://services-settings/Attachments.sys.mjs:537:35\n","nativeSavedFrame":{}},"formattedStack":"_fetchAttachment@resource://services-settings/Attachments.sys.mjs:560:35\ndownloadAsBytes@resource://services-settings/Attachments.sys.mjs:537:35\n","nativeSavedFrame":{}},"formattedStack":"fetch@resource://services-settings/Utils.sys.mjs:235:12\n_fetchAttachment@resource://services-settings/Attachments.sys.mjs:560:35\ndownloadAsBytes@resource://services-settings/Attachments.sys.mjs:537:35\n","nativeSavedFrame":{}},"formattedStack":"fetch/<@resource://services-settings/Utils.sys.mjs:284:15\nfetch@resource://services-settings/Utils.sys.mjs:235:12\n_fetchAttachment@resource://services-settings/Attachments.sys.mjs:560:35\ndownloadAsBytes@resource://services-settings/Attachments.sys.mjs:537:35\n","nativeSavedFrame":{}},"formattedStack":"open@resource://gre/modules/ServiceRequest.sys.mjs:126:11\nfetch/<@resource://services-settings/Utils.sys.mjs:284:15\nfetch@resource://services-settings/Utils.sys.mjs:235:12\n_fetchAttachment@resource://services-settings/Attachments.sys.mjs:560:35\ndownloadAsBytes@resource://services-settings/Attachments.sys.mjs:537:35\n","nativeSavedFrame":{}}
    - message = 
    - name = 
    - result = 2152071198
    - stack = open@resource://gre/modules/ServiceRequest.sys.mjs:126:11|fetch/<@resource://services-settings/Utils.sys.mjs:284:15|fetch@resource://services-settings/Utils.sys.mjs:235:12|_fetchAttachment@resource://services-settings/Attachments.sys.mjs:560:35|downloadAsBytes@resource://services-settings/Attachments.sys.mjs:537:35|
  - prototype Object
console.error: RemoteSecuritySettings: 
  failed to download CRLite filter
Object
  - prototype Object
    - columnNumber = 11
    - data = null
    - filename = resource://gre/modules/ServiceRequest.sys.mjs
    - lineNumber = 126
    - location = {"name":"open","filename":"resource://gre/modules/ServiceRequest.sys.mjs","sourceId":27,"lineNumber":126,"columnNumber":11,"asyncCause":null,"asyncCaller":null,"caller":{"filename":"resource://services-settings/Utils.sys.mjs","name":"fetch/<","sourceId":26,"lineNumber":284,"columnNumber":15,"asyncCause":null,"asyncCaller":null,"caller":{"filename":"resource://services-settings/Utils.sys.mjs","name":"fetch","sourceId":26,"lineNumber":235,"columnNumber":12,"asyncCause":null,"asyncCaller":null,"caller":{"filename":"resource://services-settings/Attachments.sys.mjs","name":"_fetchAttachment","sourceId":25,"lineNumber":560,"columnNumber":35,"asyncCause":null,"asyncCaller":null,"caller":{"filename":"resource://services-settings/Attachments.sys.mjs","name":"downloadAsBytes","sourceId":25,"lineNumber":537,"columnNumber":35,"asyncCause":null,"asyncCaller":null,"caller":null,"formattedStack":"downloadAsBytes@resource://services-settings/Attachments.sys.mjs:537:35\n","nativeSavedFrame":{}},"formattedStack":"_fetchAttachment@resource://services-settings/Attachments.sys.mjs:560:35\ndownloadAsBytes@resource://services-settings/Attachments.sys.mjs:537:35\n","nativeSavedFrame":{}},"formattedStack":"fetch@resource://services-settings/Utils.sys.mjs:235:12\n_fetchAttachment@resource://services-settings/Attachments.sys.mjs:560:35\ndownloadAsBytes@resource://services-settings/Attachments.sys.mjs:537:35\n","nativeSavedFrame":{}},"formattedStack":"fetch/<@resource://services-settings/Utils.sys.mjs:284:15\nfetch@resource://services-settings/Utils.sys.mjs:235:12\n_fetchAttachment@resource://services-settings/Attachments.sys.mjs:560:35\ndownloadAsBytes@resource://services-settings/Attachments.sys.mjs:537:35\n","nativeSavedFrame":{}},"formattedStack":"open@resource://gre/modules/ServiceRequest.sys.mjs:126:11\nfetch/<@resource://services-settings/Utils.sys.mjs:284:15\nfetch@resource://services-settings/Utils.sys.mjs:235:12\n_fetchAttachment@resource://services-settings/Attachments.sys.mjs:560:35\ndownloadAsBytes@resource://services-settings/Attachments.sys.mjs:537:35\n","nativeSavedFrame":{}}
    - message = 
    - name = 
    - result = 2152071198
    - stack = open@resource://gre/modules/ServiceRequest.sys.mjs:126:11|fetch/<@resource://services-settings/Utils.sys.mjs:284:15|fetch@resource://services-settings/Utils.sys.mjs:235:12|_fetchAttachment@resource://services-settings/Attachments.sys.mjs:560:35|downloadAsBytes@resource://services-settings/Attachments.sys.mjs:537:35|
  - prototype Object
console.error: RemoteSecuritySettings: 
  failed to download CRLite filter
Object
  - prototype Object
    - columnNumber = 11
    - data = null
    - filename = resource://gre/modules/ServiceRequest.sys.mjs
    - lineNumber = 126
    - location = {"name":"open","filename":"resource://gre/modules/ServiceRequest.sys.mjs","sourceId":27,"lineNumber":126,"columnNumber":11,"asyncCause":null,"asyncCaller":null,"caller":{"filename":"resource://services-settings/Utils.sys.mjs","name":"fetch/<","sourceId":26,"lineNumber":284,"columnNumber":15,"asyncCause":null,"asyncCaller":null,"caller":{"filename":"resource://services-settings/Utils.sys.mjs","name":"fetch","sourceId":26,"lineNumber":235,"columnNumber":12,"asyncCause":null,"asyncCaller":null,"caller":{"filename":"resource://services-settings/Attachments.sys.mjs","name":"_fetchAttachment","sourceId":25,"lineNumber":560,"columnNumber":35,"asyncCause":null,"asyncCaller":null,"caller":{"filename":"resource://services-settings/Attachments.sys.mjs","name":"downloadAsBytes","sourceId":25,"lineNumber":537,"columnNumber":35,"asyncCause":null,"asyncCaller":null,"caller":null,"formattedStack":"downloadAsBytes@resource://services-settings/Attachments.sys.mjs:537:35\n","nativeSavedFrame":{}},"formattedStack":"_fetchAttachment@resource://services-settings/Attachments.sys.mjs:560:35\ndownloadAsBytes@resource://services-settings/Attachments.sys.mjs:537:35\n","nativeSavedFrame":{}},"formattedStack":"fetch@resource://services-settings/Utils.sys.mjs:235:12\n_fetchAttachment@resource://services-settings/Attachments.sys.mjs:560:35\ndownloadAsBytes@resource://services-settings/Attachments.sys.mjs:537:35\n","nativeSavedFrame":{}},"formattedStack":"fetch/<@resource://services-settings/Utils.sys.mjs:284:15\nfetch@resource://services-settings/Utils.sys.mjs:235:12\n_fetchAttachment@resource://services-settings/Attachments.sys.mjs:560:35\ndownloadAsBytes@resource://services-settings/Attachments.sys.mjs:537:35\n","nativeSavedFrame":{}},"formattedStack":"open@resource://gre/modules/ServiceRequest.sys.mjs:126:11\nfetch/<@resource://services-settings/Utils.sys.mjs:284:15\nfetch@resource://services-settings/Utils.sys.mjs:235:12\n_fetchAttachment@resource://services-settings/Attachments.sys.mjs:560:35\ndownloadAsBytes@resource://services-settings/Attachments.sys.mjs:537:35\n","nativeSavedFrame":{}}
    - message = 
    - name = 
    - result = 2152071198
    - stack = open@resource://gre/modules/ServiceRequest.sys.mjs:126:11|fetch/<@resource://services-settings/Utils.sys.mjs:284:15|fetch@resource://services-settings/Utils.sys.mjs:235:12|_fetchAttachment@resource://services-settings/Attachments.sys.mjs:560:35|downloadAsBytes@resource://services-settings/Attachments.sys.mjs:537:35|
  - prototype Object
console.error: RemoteSecuritySettings: 
  failed to download CRLite filter
Object
  - prototype Object
    - columnNumber = 11
    - data = null
    - filename = resource://gre/modules/ServiceRequest.sys.mjs
    - lineNumber = 126
    - location = {"name":"open","filename":"resource://gre/modules/ServiceRequest.sys.mjs","sourceId":27,"lineNumber":126,"columnNumber":11,"asyncCause":null,"asyncCaller":null,"caller":{"filename":"resource://services-settings/Utils.sys.mjs","name":"fetch/<","sourceId":26,"lineNumber":284,"columnNumber":15,"asyncCause":null,"asyncCaller":null,"caller":{"filename":"resource://services-settings/Utils.sys.mjs","name":"fetch","sourceId":26,"lineNumber":235,"columnNumber":12,"asyncCause":null,"asyncCaller":null,"caller":{"filename":"resource://services-settings/Attachments.sys.mjs","name":"_fetchAttachment","sourceId":25,"lineNumber":560,"columnNumber":35,"asyncCause":null,"asyncCaller":null,"caller":{"filename":"resource://services-settings/Attachments.sys.mjs","name":"downloadAsBytes","sourceId":25,"lineNumber":537,"columnNumber":35,"asyncCause":null,"asyncCaller":null,"caller":null,"formattedStack":"downloadAsBytes@resource://services-settings/Attachments.sys.mjs:537:35\n","nativeSavedFrame":{}},"formattedStack":"_fetchAttachment@resource://services-settings/Attachments.sys.mjs:560:35\ndownloadAsBytes@resource://services-settings/Attachments.sys.mjs:537:35\n","nativeSavedFrame":{}},"formattedStack":"fetch@resource://services-settings/Utils.sys.mjs:235:12\n_fetchAttachment@resource://services-settings/Attachments.sys.mjs:560:35\ndownloadAsBytes@resource://services-settings/Attachments.sys.mjs:537:35\n","nativeSavedFrame":{}},"formattedStack":"fetch/<@resource://services-settings/Utils.sys.mjs:284:15\nfetch@resource://services-settings/Utils.sys.mjs:235:12\n_fetchAttachment@resource://services-settings/Attachments.sys.mjs:560:35\ndownloadAsBytes@resource://services-settings/Attachments.sys.mjs:537:35\n","nativeSavedFrame":{}},"formattedStack":"open@resource://gre/modules/ServiceRequest.sys.mjs:126:11\nfetch/<@resource://services-settings/Utils.sys.mjs:284:15\nfetch@resource://services-settings/Utils.sys.mjs:235:12\n_fetchAttachment@resource://services-settings/Attachments.sys.mjs:560:35\ndownloadAsBytes@resource://services-settings/Attachments.sys.mjs:537:35\n","nativeSavedFrame":{}}
    - message = 
    - name = 
    - result = 2152071198
    - stack = open@resource://gre/modules/ServiceRequest.sys.mjs:126:11|fetch/<@resource://services-settings/Utils.sys.mjs:284:15|fetch@resource://services-settings/Utils.sys.mjs:235:12|_fetchAttachment@resource://services-settings/Attachments.sys.mjs:560:35|downloadAsBytes@resource://services-settings/Attachments.sys.mjs:537:35|
  - prototype Object
console.error: RemoteSecuritySettings: 
  failed to download CRLite filter
Object
  - prototype Object
    - columnNumber = 11
    - data = null
    - filename = resource://gre/modules/ServiceRequest.sys.mjs
    - lineNumber = 126
    - location = {"name":"open","filename":"resource://gre/modules/ServiceRequest.sys.mjs","sourceId":27,"lineNumber":126,"columnNumber":11,"asyncCause":null,"asyncCaller":null,"caller":{"filename":"resource://services-settings/Utils.sys.mjs","name":"fetch/<","sourceId":26,"lineNumber":284,"columnNumber":15,"asyncCause":null,"asyncCaller":null,"caller":{"filename":"resource://services-settings/Utils.sys.mjs","name":"fetch","sourceId":26,"lineNumber":235,"columnNumber":12,"asyncCause":null,"asyncCaller":null,"caller":{"filename":"resource://services-settings/Attachments.sys.mjs","name":"_fetchAttachment","sourceId":25,"lineNumber":560,"columnNumber":35,"asyncCause":null,"asyncCaller":null,"caller":{"filename":"resource://services-settings/Attachments.sys.mjs","name":"downloadAsBytes","sourceId":25,"lineNumber":537,"columnNumber":35,"asyncCause":null,"asyncCaller":null,"caller":null,"formattedStack":"downloadAsBytes@resource://services-settings/Attachments.sys.mjs:537:35\n","nativeSavedFrame":{}},"formattedStack":"_fetchAttachment@resource://services-settings/Attachments.sys.mjs:560:35\ndownloadAsBytes@resource://services-settings/Attachments.sys.mjs:537:35\n","nativeSavedFrame":{}},"formattedStack":"fetch@resource://services-settings/Utils.sys.mjs:235:12\n_fetchAttachment@resource://services-settings/Attachments.sys.mjs:560:35\ndownloadAsBytes@resource://services-settings/Attachments.sys.mjs:537:35\n","nativeSavedFrame":{}},"formattedStack":"fetch/<@resource://services-settings/Utils.sys.mjs:284:15\nfetch@resource://services-settings/Utils.sys.mjs:235:12\n_fetchAttachment@resource://services-settings/Attachments.sys.mjs:560:35\ndownloadAsBytes@resource://services-settings/Attachments.sys.mjs:537:35\n","nativeSavedFrame":{}},"formattedStack":"open@resource://gre/modules/ServiceRequest.sys.mjs:126:11\nfetch/<@resource://services-settings/Utils.sys.mjs:284:15\nfetch@resource://services-settings/Utils.sys.mjs:235:12\n_fetchAttachment@resource://services-settings/Attachments.sys.mjs:560:35\ndownloadAsBytes@resource://services-settings/Attachments.sys.mjs:537:35\n","nativeSavedFrame":{}}
    - message = 
    - name = 
    - result = 2152071198
    - stack = open@resource://gre/modules/ServiceRequest.sys.mjs:126:11|fetch/<@resource://services-settings/Utils.sys.mjs:284:15|fetch@resource://services-settings/Utils.sys.mjs:235:12|_fetchAttachment@resource://services-settings/Attachments.sys.mjs:560:35|downloadAsBytes@resource://services-settings/Attachments.sys.mjs:537:35|
  - prototype Object
console.error: RemoteSecuritySettings: 
  failed to download CRLite filter
Object
  - prototype Object
    - columnNumber = 11
    - data = null
    - filename = resource://gre/modules/ServiceRequest.sys.mjs
    - lineNumber = 126
    - location = {"name":"open","filename":"resource://gre/modules/ServiceRequest.sys.mjs","sourceId":27,"lineNumber":126,"columnNumber":11,"asyncCause":null,"asyncCaller":null,"caller":{"filename":"resource://services-settings/Utils.sys.mjs","name":"fetch/<","sourceId":26,"lineNumber":284,"columnNumber":15,"asyncCause":null,"asyncCaller":null,"caller":{"filename":"resource://services-settings/Utils.sys.mjs","name":"fetch","sourceId":26,"lineNumber":235,"columnNumber":12,"asyncCause":null,"asyncCaller":null,"caller":{"filename":"resource://services-settings/Attachments.sys.mjs","name":"_fetchAttachment","sourceId":25,"lineNumber":560,"columnNumber":35,"asyncCause":null,"asyncCaller":null,"caller":{"filename":"resource://services-settings/Attachments.sys.mjs","name":"downloadAsBytes","sourceId":25,"lineNumber":537,"columnNumber":35,"asyncCause":null,"asyncCaller":null,"caller":null,"formattedStack":"downloadAsBytes@resource://services-settings/Attachments.sys.mjs:537:35\n","nativeSavedFrame":{}},"formattedStack":"_fetchAttachment@resource://services-settings/Attachments.sys.mjs:560:35\ndownloadAsBytes@resource://services-settings/Attachments.sys.mjs:537:35\n","nativeSavedFrame":{}},"formattedStack":"fetch@resource://services-settings/Utils.sys.mjs:235:12\n_fetchAttachment@resource://services-settings/Attachments.sys.mjs:560:35\ndownloadAsBytes@resource://services-settings/Attachments.sys.mjs:537:35\n","nativeSavedFrame":{}},"formattedStack":"fetch/<@resource://services-settings/Utils.sys.mjs:284:15\nfetch@resource://services-settings/Utils.sys.mjs:235:12\n_fetchAttachment@resource://services-settings/Attachments.sys.mjs:560:35\ndownloadAsBytes@resource://services-settings/Attachments.sys.mjs:537:35\n","nativeSavedFrame":{}},"formattedStack":"open@resource://gre/modules/ServiceRequest.sys.mjs:126:11\nfetch/<@resource://services-settings/Utils.sys.mjs:284:15\nfetch@resource://services-settings/Utils.sys.mjs:235:12\n_fetchAttachment@resource://services-settings/Attachments.sys.mjs:560:35\ndownloadAsBytes@resource://services-settings/Attachments.sys.mjs:537:35\n","nativeSavedFrame":{}}
    - message = 
    - name = 
    - result = 2152071198
    - stack = open@resource://gre/modules/ServiceRequest.sys.mjs:126:11|fetch/<@resource://services-settings/Utils.sys.mjs:284:15|fetch@resource://services-settings/Utils.sys.mjs:235:12|_fetchAttachment@resource://services-settings/Attachments.sys.mjs:560:35|downloadAsBytes@resource://services-settings/Attachments.sys.mjs:537:35|
  - prototype Object
console.error: RemoteSecuritySettings: 
  failed to download CRLite filter
Object
  - prototype Object
    - columnNumber = 11
    - data = null
    - filename = resource://gre/modules/ServiceRequest.sys.mjs
    - lineNumber = 126
    - location = {"name":"open","filename":"resource://gre/modules/ServiceRequest.sys.mjs","sourceId":27,"lineNumber":126,"columnNumber":11,"asyncCause":null,"asyncCaller":null,"caller":{"filename":"resource://services-settings/Utils.sys.mjs","name":"fetch/<","sourceId":26,"lineNumber":284,"columnNumber":15,"asyncCause":null,"asyncCaller":null,"caller":{"filename":"resource://services-settings/Utils.sys.mjs","name":"fetch","sourceId":26,"lineNumber":235,"columnNumber":12,"asyncCause":null,"asyncCaller":null,"caller":{"filename":"resource://services-settings/Attachments.sys.mjs","name":"_fetchAttachment","sourceId":25,"lineNumber":560,"columnNumber":35,"asyncCause":null,"asyncCaller":null,"caller":{"filename":"resource://services-settings/Attachments.sys.mjs","name":"downloadAsBytes","sourceId":25,"lineNumber":537,"columnNumber":35,"asyncCause":null,"asyncCaller":null,"caller":null,"formattedStack":"downloadAsBytes@resource://services-settings/Attachments.sys.mjs:537:35\n","nativeSavedFrame":{}},"formattedStack":"_fetchAttachment@resource://services-settings/Attachments.sys.mjs:560:35\ndownloadAsBytes@resource://services-settings/Attachments.sys.mjs:537:35\n","nativeSavedFrame":{}},"formattedStack":"fetch@resource://services-settings/Utils.sys.mjs:235:12\n_fetchAttachment@resource://services-settings/Attachments.sys.mjs:560:35\ndownloadAsBytes@resource://services-settings/Attachments.sys.mjs:537:35\n","nativeSavedFrame":{}},"formattedStack":"fetch/<@resource://services-settings/Utils.sys.mjs:284:15\nfetch@resource://services-settings/Utils.sys.mjs:235:12\n_fetchAttachment@resource://services-settings/Attachments.sys.mjs:560:35\ndownloadAsBytes@resource://services-settings/Attachments.sys.mjs:537:35\n","nativeSavedFrame":{}},"formattedStack":"open@resource://gre/modules/ServiceRequest.sys.mjs:126:11\nfetch/<@resource://services-settings/Utils.sys.mjs:284:15\nfetch@resource://services-settings/Utils.sys.mjs:235:12\n_fetchAttachment@resource://services-settings/Attachments.sys.mjs:560:35\ndownloadAsBytes@resource://services-settings/Attachments.sys.mjs:537:35\n","nativeSavedFrame":{}}
    - message = 
    - name = 
    - result = 2152071198
    - stack = open@resource://gre/modules/ServiceRequest.sys.mjs:126:11|fetch/<@resource://services-settings/Utils.sys.mjs:284:15|fetch@resource://services-settings/Utils.sys.mjs:235:12|_fetchAttachment@resource://services-settings/Attachments.sys.mjs:560:35|downloadAsBytes@resource://services-settings/Attachments.sys.mjs:537:35|
  - prototype Object
console.error: RemoteSecuritySettings: 
  failed to download CRLite filter
Object
  - prototype Object
    - columnNumber = 11
    - data = null
    - filename = resource://gre/modules/ServiceRequest.sys.mjs
    - lineNumber = 126
    - location = {"name":"open","filename":"resource://gre/modules/ServiceRequest.sys.mjs","sourceId":27,"lineNumber":126,"columnNumber":11,"asyncCause":null,"asyncCaller":null,"caller":{"filename":"resource://services-settings/Utils.sys.mjs","name":"fetch/<","sourceId":26,"lineNumber":284,"columnNumber":15,"asyncCause":null,"asyncCaller":null,"caller":{"filename":"resource://services-settings/Utils.sys.mjs","name":"fetch","sourceId":26,"lineNumber":235,"columnNumber":12,"asyncCause":null,"asyncCaller":null,"caller":{"filename":"resource://services-settings/Attachments.sys.mjs","name":"_fetchAttachment","sourceId":25,"lineNumber":560,"columnNumber":35,"asyncCause":null,"asyncCaller":null,"caller":{"filename":"resource://services-settings/Attachments.sys.mjs","name":"downloadAsBytes","sourceId":25,"lineNumber":537,"columnNumber":35,"asyncCause":null,"asyncCaller":null,"caller":null,"formattedStack":"downloadAsBytes@resource://services-settings/Attachments.sys.mjs:537:35\n","nativeSavedFrame":{}},"formattedStack":"_fetchAttachment@resource://services-settings/Attachments.sys.mjs:560:35\ndownloadAsBytes@resource://services-settings/Attachments.sys.mjs:537:35\n","nativeSavedFrame":{}},"formattedStack":"fetch@resource://services-settings/Utils.sys.mjs:235:12\n_fetchAttachment@resource://services-settings/Attachments.sys.mjs:560:35\ndownloadAsBytes@resource://services-settings/Attachments.sys.mjs:537:35\n","nativeSavedFrame":{}},"formattedStack":"fetch/<@resource://services-settings/Utils.sys.mjs:284:15\nfetch@resource://services-settings/Utils.sys.mjs:235:12\n_fetchAttachment@resource://services-settings/Attachments.sys.mjs:560:35\ndownloadAsBytes@resource://services-settings/Attachments.sys.mjs:537:35\n","nativeSavedFrame":{}},"formattedStack":"open@resource://gre/modules/ServiceRequest.sys.mjs:126:11\nfetch/<@resource://services-settings/Utils.sys.mjs:284:15\nfetch@resource://services-settings/Utils.sys.mjs:235:12\n_fetchAttachment@resource://services-settings/Attachments.sys.mjs:560:35\ndownloadAsBytes@resource://services-settings/Attachments.sys.mjs:537:35\n","nativeSavedFrame":{}}
    - message = 
    - name = 
    - result = 2152071198
    - stack = open@resource://gre/modules/ServiceRequest.sys.mjs:126:11|fetch/<@resource://services-settings/Utils.sys.mjs:284:15|fetch@resource://services-settings/Utils.sys.mjs:235:12|_fetchAttachment@resource://services-settings/Attachments.sys.mjs:560:35|downloadAsBytes@resource://services-settings/Attachments.sys.mjs:537:35|
  - prototype Object
console.error: RemoteSecuritySettings: 
  failed to download CRLite filter
Object
  - prototype Object
    - columnNumber = 11
    - data = null
    - filename = resource://gre/modules/ServiceRequest.sys.mjs
    - lineNumber = 126
    - location = {"name":"open","filename":"resource://gre/modules/ServiceRequest.sys.mjs","sourceId":27,"lineNumber":126,"columnNumber":11,"asyncCause":null,"asyncCaller":null,"caller":{"filename":"resource://services-settings/Utils.sys.mjs","name":"fetch/<","sourceId":26,"lineNumber":284,"columnNumber":15,"asyncCause":null,"asyncCaller":null,"caller":{"filename":"resource://services-settings/Utils.sys.mjs","name":"fetch","sourceId":26,"lineNumber":235,"columnNumber":12,"asyncCause":null,"asyncCaller":null,"caller":{"filename":"resource://services-settings/Attachments.sys.mjs","name":"_fetchAttachment","sourceId":25,"lineNumber":560,"columnNumber":35,"asyncCause":null,"asyncCaller":null,"caller":{"filename":"resource://services-settings/Attachments.sys.mjs","name":"downloadAsBytes","sourceId":25,"lineNumber":537,"columnNumber":35,"asyncCause":null,"asyncCaller":null,"caller":null,"formattedStack":"downloadAsBytes@resource://services-settings/Attachments.sys.mjs:537:35\n","nativeSavedFrame":{}},"formattedStack":"_fetchAttachment@resource://services-settings/Attachments.sys.mjs:560:35\ndownloadAsBytes@resource://services-settings/Attachments.sys.mjs:537:35\n","nativeSavedFrame":{}},"formattedStack":"fetch@resource://services-settings/Utils.sys.mjs:235:12\n_fetchAttachment@resource://services-settings/Attachments.sys.mjs:560:35\ndownloadAsBytes@resource://services-settings/Attachments.sys.mjs:537:35\n","nativeSavedFrame":{}},"formattedStack":"fetch/<@resource://services-settings/Utils.sys.mjs:284:15\nfetch@resource://services-settings/Utils.sys.mjs:235:12\n_fetchAttachment@resource://services-settings/Attachments.sys.mjs:560:35\ndownloadAsBytes@resource://services-settings/Attachments.sys.mjs:537:35\n","nativeSavedFrame":{}},"formattedStack":"open@resource://gre/modules/ServiceRequest.sys.mjs:126:11\nfetch/<@resource://services-settings/Utils.sys.mjs:284:15\nfetch@resource://services-settings/Utils.sys.mjs:235:12\n_fetchAttachment@resource://services-settings/Attachments.sys.mjs:560:35\ndownloadAsBytes@resource://services-settings/Attachments.sys.mjs:537:35\n","nativeSavedFrame":{}}
    - message = 
    - name = 
    - result = 2152071198
    - stack = open@resource://gre/modules/ServiceRequest.sys.mjs:126:11|fetch/<@resource://services-settings/Utils.sys.mjs:284:15|fetch@resource://services-settings/Utils.sys.mjs:235:12|_fetchAttachment@resource://services-settings/Attachments.sys.mjs:560:35|downloadAsBytes@resource://services-settings/Attachments.sys.mjs:537:35|
  - prototype Object
console.error: RemoteSecuritySettings: 
  failed to download CRLite filter
Object
  - prototype Object
    - columnNumber = 11
    - data = null
    - filename = resource://gre/modules/ServiceRequest.sys.mjs
    - lineNumber = 126
    - location = {"name":"open","filename":"resource://gre/modules/ServiceRequest.sys.mjs","sourceId":27,"lineNumber":126,"columnNumber":11,"asyncCause":null,"asyncCaller":null,"caller":{"filename":"resource://services-settings/Utils.sys.mjs","name":"fetch/<","sourceId":26,"lineNumber":284,"columnNumber":15,"asyncCause":null,"asyncCaller":null,"caller":{"filename":"resource://services-settings/Utils.sys.mjs","name":"fetch","sourceId":26,"lineNumber":235,"columnNumber":12,"asyncCause":null,"asyncCaller":null,"caller":{"filename":"resource://services-settings/Attachments.sys.mjs","name":"_fetchAttachment","sourceId":25,"lineNumber":560,"columnNumber":35,"asyncCause":null,"asyncCaller":null,"caller":{"filename":"resource://services-settings/Attachments.sys.mjs","name":"downloadAsBytes","sourceId":25,"lineNumber":537,"columnNumber":35,"asyncCause":null,"asyncCaller":null,"caller":null,"formattedStack":"downloadAsBytes@resource://services-settings/Attachments.sys.mjs:537:35\n","nativeSavedFrame":{}},"formattedStack":"_fetchAttachment@resource://services-settings/Attachments.sys.mjs:560:35\ndownloadAsBytes@resource://services-settings/Attachments.sys.mjs:537:35\n","nativeSavedFrame":{}},"formattedStack":"fetch@resource://services-settings/Utils.sys.mjs:235:12\n_fetchAttachment@resource://services-settings/Attachments.sys.mjs:560:35\ndownloadAsBytes@resource://services-settings/Attachments.sys.mjs:537:35\n","nativeSavedFrame":{}},"formattedStack":"fetch/<@resource://services-settings/Utils.sys.mjs:284:15\nfetch@resource://services-settings/Utils.sys.mjs:235:12\n_fetchAttachment@resource://services-settings/Attachments.sys.mjs:560:35\ndownloadAsBytes@resource://services-settings/Attachments.sys.mjs:537:35\n","nativeSavedFrame":{}},"formattedStack":"open@resource://gre/modules/ServiceRequest.sys.mjs:126:11\nfetch/<@resource://services-settings/Utils.sys.mjs:284:15\nfetch@resource://services-settings/Utils.sys.mjs:235:12\n_fetchAttachment@resource://services-settings/Attachments.sys.mjs:560:35\ndownloadAsBytes@resource://services-settings/Attachments.sys.mjs:537:35\n","nativeSavedFrame":{}}
    - message = 
    - name = 
    - result = 2152071198
    - stack = open@resource://gre/modules/ServiceRequest.sys.mjs:126:11|fetch/<@resource://services-settings/Utils.sys.mjs:284:15|fetch@resource://services-settings/Utils.sys.mjs:235:12|_fetchAttachment@resource://services-settings/Attachments.sys.mjs:560:35|downloadAsBytes@resource://services-settings/Attachments.sys.mjs:537:35|
  - prototype Object
console.error: RemoteSecuritySettings: 
  failed to download CRLite filter
Object
  - prototype Object
    - columnNumber = 11
    - data = null
    - filename = resource://gre/modules/ServiceRequest.sys.mjs
    - lineNumber = 126
    - location = {"name":"open","filename":"resource://gre/modules/ServiceRequest.sys.mjs","sourceId":27,"lineNumber":126,"columnNumber":11,"asyncCause":null,"asyncCaller":null,"caller":{"filename":"resource://services-settings/Utils.sys.mjs","name":"fetch/<","sourceId":26,"lineNumber":284,"columnNumber":15,"asyncCause":null,"asyncCaller":null,"caller":{"filename":"resource://services-settings/Utils.sys.mjs","name":"fetch","sourceId":26,"lineNumber":235,"columnNumber":12,"asyncCause":null,"asyncCaller":null,"caller":{"filename":"resource://services-settings/Attachments.sys.mjs","name":"_fetchAttachment","sourceId":25,"lineNumber":560,"columnNumber":35,"asyncCause":null,"asyncCaller":null,"caller":{"filename":"resource://services-settings/Attachments.sys.mjs","name":"downloadAsBytes","sourceId":25,"lineNumber":537,"columnNumber":35,"asyncCause":null,"asyncCaller":null,"caller":null,"formattedStack":"downloadAsBytes@resource://services-settings/Attachments.sys.mjs:537:35\n","nativeSavedFrame":{}},"formattedStack":"_fetchAttachment@resource://services-settings/Attachments.sys.mjs:560:35\ndownloadAsBytes@resource://services-settings/Attachments.sys.mjs:537:35\n","nativeSavedFrame":{}},"formattedStack":"fetch@resource://services-settings/Utils.sys.mjs:235:12\n_fetchAttachment@resource://services-settings/Attachments.sys.mjs:560:35\ndownloadAsBytes@resource://services-settings/Attachments.sys.mjs:537:35\n","nativeSavedFrame":{}},"formattedStack":"fetch/<@resource://services-settings/Utils.sys.mjs:284:15\nfetch@resource://services-settings/Utils.sys.mjs:235:12\n_fetchAttachment@resource://services-settings/Attachments.sys.mjs:560:35\ndownloadAsBytes@resource://services-settings/Attachments.sys.mjs:537:35\n","nativeSavedFrame":{}},"formattedStack":"open@resource://gre/modules/ServiceRequest.sys.mjs:126:11\nfetch/<@resource://services-settings/Utils.sys.mjs:284:15\nfetch@resource://services-settings/Utils.sys.mjs:235:12\n_fetchAttachment@resource://services-settings/Attachments.sys.mjs:560:35\ndownloadAsBytes@resource://services-settings/Attachments.sys.mjs:537:35\n","nativeSavedFrame":{}}
    - message = 
    - name = 
    - result = 2152071198
    - stack = open@resource://gre/modules/ServiceRequest.sys.mjs:126:11|fetch/<@resource://services-settings/Utils.sys.mjs:284:15|fetch@resource://services-settings/Utils.sys.mjs:235:12|_fetchAttachment@resource://services-settings/Attachments.sys.mjs:560:35|downloadAsBytes@resource://services-settings/Attachments.sys.mjs:537:35|
  - prototype Object
console.error: RemoteSecuritySettings: 
  failed to download CRLite filter
Object
  - prototype Object
    - columnNumber = 11
    - data = null
    - filename = resource://gre/modules/ServiceRequest.sys.mjs
    - lineNumber = 126
    - location = {"name":"open","filename":"resource://gre/modules/ServiceRequest.sys.mjs","sourceId":27,"lineNumber":126,"columnNumber":11,"asyncCause":null,"asyncCaller":null,"caller":{"filename":"resource://services-settings/Utils.sys.mjs","name":"fetch/<","sourceId":26,"lineNumber":284,"columnNumber":15,"asyncCause":null,"asyncCaller":null,"caller":{"filename":"resource://services-settings/Utils.sys.mjs","name":"fetch","sourceId":26,"lineNumber":235,"columnNumber":12,"asyncCause":null,"asyncCaller":null,"caller":{"filename":"resource://services-settings/Attachments.sys.mjs","name":"_fetchAttachment","sourceId":25,"lineNumber":560,"columnNumber":35,"asyncCause":null,"asyncCaller":null,"caller":{"filename":"resource://services-settings/Attachments.sys.mjs","name":"downloadAsBytes","sourceId":25,"lineNumber":537,"columnNumber":35,"asyncCause":null,"asyncCaller":null,"caller":null,"formattedStack":"downloadAsBytes@resource://services-settings/Attachments.sys.mjs:537:35\n","nativeSavedFrame":{}},"formattedStack":"_fetchAttachment@resource://services-settings/Attachments.sys.mjs:560:35\ndownloadAsBytes@resource://services-settings/Attachments.sys.mjs:537:35\n","nativeSavedFrame":{}},"formattedStack":"fetch@resource://services-settings/Utils.sys.mjs:235:12\n_fetchAttachment@resource://services-settings/Attachments.sys.mjs:560:35\ndownloadAsBytes@resource://services-settings/Attachments.sys.mjs:537:35\n","nativeSavedFrame":{}},"formattedStack":"fetch/<@resource://services-settings/Utils.sys.mjs:284:15\nfetch@resource://services-settings/Utils.sys.mjs:235:12\n_fetchAttachment@resource://services-settings/Attachments.sys.mjs:560:35\ndownloadAsBytes@resource://services-settings/Attachments.sys.mjs:537:35\n","nativeSavedFrame":{}},"formattedStack":"open@resource://gre/modules/ServiceRequest.sys.mjs:126:11\nfetch/<@resource://services-settings/Utils.sys.mjs:284:15\nfetch@resource://services-settings/Utils.sys.mjs:235:12\n_fetchAttachment@resource://services-settings/Attachments.sys.mjs:560:35\ndownloadAsBytes@resource://services-settings/Attachments.sys.mjs:537:35\n","nativeSavedFrame":{}}
    - message = 
    - name = 
    - result = 2152071198
    - stack = open@resource://gre/modules/ServiceRequest.sys.mjs:126:11|fetch/<@resource://services-settings/Utils.sys.mjs:284:15|fetch@resource://services-settings/Utils.sys.mjs:235:12|_fetchAttachment@resource://services-settings/Attachments.sys.mjs:560:35|downloadAsBytes@resource://services-settings/Attachments.sys.mjs:537:35|
  - prototype Object
console.error: RemoteSecuritySettings: 
  failed to download CRLite filter
Object
  - prototype Object
    - columnNumber = 11
    - data = null
    - filename = resource://gre/modules/ServiceRequest.sys.mjs
    - lineNumber = 126
    - location = {"name":"open","filename":"resource://gre/modules/ServiceRequest.sys.mjs","sourceId":27,"lineNumber":126,"columnNumber":11,"asyncCause":null,"asyncCaller":null,"caller":{"filename":"resource://services-settings/Utils.sys.mjs","name":"fetch/<","sourceId":26,"lineNumber":284,"columnNumber":15,"asyncCause":null,"asyncCaller":null,"caller":{"filename":"resource://services-settings/Utils.sys.mjs","name":"fetch","sourceId":26,"lineNumber":235,"columnNumber":12,"asyncCause":null,"asyncCaller":null,"caller":{"filename":"resource://services-settings/Attachments.sys.mjs","name":"_fetchAttachment","sourceId":25,"lineNumber":560,"columnNumber":35,"asyncCause":null,"asyncCaller":null,"caller":{"filename":"resource://services-settings/Attachments.sys.mjs","name":"downloadAsBytes","sourceId":25,"lineNumber":537,"columnNumber":35,"asyncCause":null,"asyncCaller":null,"caller":null,"formattedStack":"downloadAsBytes@resource://services-settings/Attachments.sys.mjs:537:35\n","nativeSavedFrame":{}},"formattedStack":"_fetchAttachment@resource://services-settings/Attachments.sys.mjs:560:35\ndownloadAsBytes@resource://services-settings/Attachments.sys.mjs:537:35\n","nativeSavedFrame":{}},"formattedStack":"fetch@resource://services-settings/Utils.sys.mjs:235:12\n_fetchAttachment@resource://services-settings/Attachments.sys.mjs:560:35\ndownloadAsBytes@resource://services-settings/Attachments.sys.mjs:537:35\n","nativeSavedFrame":{}},"formattedStack":"fetch/<@resource://services-settings/Utils.sys.mjs:284:15\nfetch@resource://services-settings/Utils.sys.mjs:235:12\n_fetchAttachment@resource://services-settings/Attachments.sys.mjs:560:35\ndownloadAsBytes@resource://services-settings/Attachments.sys.mjs:537:35\n","nativeSavedFrame":{}},"formattedStack":"open@resource://gre/modules/ServiceRequest.sys.mjs:126:11\nfetch/<@resource://services-settings/Utils.sys.mjs:284:15\nfetch@resource://services-settings/Utils.sys.mjs:235:12\n_fetchAttachment@resource://services-settings/Attachments.sys.mjs:560:35\ndownloadAsBytes@resource://services-settings/Attachments.sys.mjs:537:35\n","nativeSavedFrame":{}}
    - message = 
    - name = 
    - result = 2152071198
    - stack = open@resource://gre/modules/ServiceRequest.sys.mjs:126:11|fetch/<@resource://services-settings/Utils.sys.mjs:284:15|fetch@resource://services-settings/Utils.sys.mjs:235:12|_fetchAttachment@resource://services-settings/Attachments.sys.mjs:560:35|downloadAsBytes@resource://services-settings/Attachments.sys.mjs:537:35|
  - prototype Object
console.error: RemoteSecuritySettings: 
  failed to download CRLite filter
Object
  - prototype Object
    - columnNumber = 11
    - data = null
    - filename = resource://gre/modules/ServiceRequest.sys.mjs
    - lineNumber = 126
    - location = {"name":"open","filename":"resource://gre/modules/ServiceRequest.sys.mjs","sourceId":27,"lineNumber":126,"columnNumber":11,"asyncCause":null,"asyncCaller":null,"caller":{"filename":"resource://services-settings/Utils.sys.mjs","name":"fetch/<","sourceId":26,"lineNumber":284,"columnNumber":15,"asyncCause":null,"asyncCaller":null,"caller":{"filename":"resource://services-settings/Utils.sys.mjs","name":"fetch","sourceId":26,"lineNumber":235,"columnNumber":12,"asyncCause":null,"asyncCaller":null,"caller":{"filename":"resource://services-settings/Attachments.sys.mjs","name":"_fetchAttachment","sourceId":25,"lineNumber":560,"columnNumber":35,"asyncCause":null,"asyncCaller":null,"caller":{"filename":"resource://services-settings/Attachments.sys.mjs","name":"downloadAsBytes","sourceId":25,"lineNumber":537,"columnNumber":35,"asyncCause":null,"asyncCaller":null,"caller":null,"formattedStack":"downloadAsBytes@resource://services-settings/Attachments.sys.mjs:537:35\n","nativeSavedFrame":{}},"formattedStack":"_fetchAttachment@resource://services-settings/Attachments.sys.mjs:560:35\ndownloadAsBytes@resource://services-settings/Attachments.sys.mjs:537:35\n","nativeSavedFrame":{}},"formattedStack":"fetch@resource://services-settings/Utils.sys.mjs:235:12\n_fetchAttachment@resource://services-settings/Attachments.sys.mjs:560:35\ndownloadAsBytes@resource://services-settings/Attachments.sys.mjs:537:35\n","nativeSavedFrame":{}},"formattedStack":"fetch/<@resource://services-settings/Utils.sys.mjs:284:15\nfetch@resource://services-settings/Utils.sys.mjs:235:12\n_fetchAttachment@resource://services-settings/Attachments.sys.mjs:560:35\ndownloadAsBytes@resource://services-settings/Attachments.sys.mjs:537:35\n","nativeSavedFrame":{}},"formattedStack":"open@resource://gre/modules/ServiceRequest.sys.mjs:126:11\nfetch/<@resource://services-settings/Utils.sys.mjs:284:15\nfetch@resource://services-settings/Utils.sys.mjs:235:12\n_fetchAttachment@resource://services-settings/Attachments.sys.mjs:560:35\ndownloadAsBytes@resource://services-settings/Attachments.sys.mjs:537:35\n","nativeSavedFrame":{}}
    - message = 
    - name = 
    - result = 2152071198
    - stack = open@resource://gre/modules/ServiceRequest.sys.mjs:126:11|fetch/<@resource://services-settings/Utils.sys.mjs:284:15|fetch@resource://services-settings/Utils.sys.mjs:235:12|_fetchAttachment@resource://services-settings/Attachments.sys.mjs:560:35|downloadAsBytes@resource://services-settings/Attachments.sys.mjs:537:35|
  - prototype Object
console.error: RemoteSecuritySettings: 
  failed to download CRLite filter
Object
  - prototype Object
    - columnNumber = 11
    - data = null
    - filename = resource://gre/modules/ServiceRequest.sys.mjs
    - lineNumber = 126
    - location = {"name":"open","filename":"resource://gre/modules/ServiceRequest.sys.mjs","sourceId":27,"lineNumber":126,"columnNumber":11,"asyncCause":null,"asyncCaller":null,"caller":{"filename":"resource://services-settings/Utils.sys.mjs","name":"fetch/<","sourceId":26,"lineNumber":284,"columnNumber":15,"asyncCause":null,"asyncCaller":null,"caller":{"filename":"resource://services-settings/Utils.sys.mjs","name":"fetch","sourceId":26,"lineNumber":235,"columnNumber":12,"asyncCause":null,"asyncCaller":null,"caller":{"filename":"resource://services-settings/Attachments.sys.mjs","name":"_fetchAttachment","sourceId":25,"lineNumber":560,"columnNumber":35,"asyncCause":null,"asyncCaller":null,"caller":{"filename":"resource://services-settings/Attachments.sys.mjs","name":"downloadAsBytes","sourceId":25,"lineNumber":537,"columnNumber":35,"asyncCause":null,"asyncCaller":null,"caller":null,"formattedStack":"downloadAsBytes@resource://services-settings/Attachments.sys.mjs:537:35\n","nativeSavedFrame":{}},"formattedStack":"_fetchAttachment@resource://services-settings/Attachments.sys.mjs:560:35\ndownloadAsBytes@resource://services-settings/Attachments.sys.mjs:537:35\n","nativeSavedFrame":{}},"formattedStack":"fetch@resource://services-settings/Utils.sys.mjs:235:12\n_fetchAttachment@resource://services-settings/Attachments.sys.mjs:560:35\ndownloadAsBytes@resource://services-settings/Attachments.sys.mjs:537:35\n","nativeSavedFrame":{}},"formattedStack":"fetch/<@resource://services-settings/Utils.sys.mjs:284:15\nfetch@resource://services-settings/Utils.sys.mjs:235:12\n_fetchAttachment@resource://services-settings/Attachments.sys.mjs:560:35\ndownloadAsBytes@resource://services-settings/Attachments.sys.mjs:537:35\n","nativeSavedFrame":{}},"formattedStack":"open@resource://gre/modules/ServiceRequest.sys.mjs:126:11\nfetch/<@resource://services-settings/Utils.sys.mjs:284:15\nfetch@resource://services-settings/Utils.sys.mjs:235:12\n_fetchAttachment@resource://services-settings/Attachments.sys.mjs:560:35\ndownloadAsBytes@resource://services-settings/Attachments.sys.mjs:537:35\n","nativeSavedFrame":{}}
    - message = 
    - name = 
    - result = 2152071198
    - stack = open@resource://gre/modules/ServiceRequest.sys.mjs:126:11|fetch/<@resource://services-settings/Utils.sys.mjs:284:15|fetch@resource://services-settings/Utils.sys.mjs:235:12|_fetchAttachment@resource://services-settings/Attachments.sys.mjs:560:35|downloadAsBytes@resource://services-settings/Attachments.sys.mjs:537:35|
  - prototype Object
console.error: RemoteSecuritySettings: 
  failed to download CRLite filter
Object
  - prototype Object
    - columnNumber = 11
    - data = null
    - filename = resource://gre/modules/ServiceRequest.sys.mjs
    - lineNumber = 126
    - location = {"name":"open","filename":"resource://gre/modules/ServiceRequest.sys.mjs","sourceId":27,"lineNumber":126,"columnNumber":11,"asyncCause":null,"asyncCaller":null,"caller":{"filename":"resource://services-settings/Utils.sys.mjs","name":"fetch/<","sourceId":26,"lineNumber":284,"columnNumber":15,"asyncCause":null,"asyncCaller":null,"caller":{"filename":"resource://services-settings/Utils.sys.mjs","name":"fetch","sourceId":26,"lineNumber":235,"columnNumber":12,"asyncCause":null,"asyncCaller":null,"caller":{"filename":"resource://services-settings/Attachments.sys.mjs","name":"_fetchAttachment","sourceId":25,"lineNumber":560,"columnNumber":35,"asyncCause":null,"asyncCaller":null,"caller":{"filename":"resource://services-settings/Attachments.sys.mjs","name":"downloadAsBytes","sourceId":25,"lineNumber":537,"columnNumber":35,"asyncCause":null,"asyncCaller":null,"caller":null,"formattedStack":"downloadAsBytes@resource://services-settings/Attachments.sys.mjs:537:35\n","nativeSavedFrame":{}},"formattedStack":"_fetchAttachment@resource://services-settings/Attachments.sys.mjs:560:35\ndownloadAsBytes@resource://services-settings/Attachments.sys.mjs:537:35\n","nativeSavedFrame":{}},"formattedStack":"fetch@resource://services-settings/Utils.sys.mjs:235:12\n_fetchAttachment@resource://services-settings/Attachments.sys.mjs:560:35\ndownloadAsBytes@resource://services-settings/Attachments.sys.mjs:537:35\n","nativeSavedFrame":{}},"formattedStack":"fetch/<@resource://services-settings/Utils.sys.mjs:284:15\nfetch@resource://services-settings/Utils.sys.mjs:235:12\n_fetchAttachment@resource://services-settings/Attachments.sys.mjs:560:35\ndownloadAsBytes@resource://services-settings/Attachments.sys.mjs:537:35\n","nativeSavedFrame":{}},"formattedStack":"open@resource://gre/modules/ServiceRequest.sys.mjs:126:11\nfetch/<@resource://services-settings/Utils.sys.mjs:284:15\nfetch@resource://services-settings/Utils.sys.mjs:235:12\n_fetchAttachment@resource://services-settings/Attachments.sys.mjs:560:35\ndownloadAsBytes@resource://services-settings/Attachments.sys.mjs:537:35\n","nativeSavedFrame":{}}
    - message = 
    - name = 
    - result = 2152071198
    - stack = open@resource://gre/modules/ServiceRequest.sys.mjs:126:11|fetch/<@resource://services-settings/Utils.sys.mjs:284:15|fetch@resource://services-settings/Utils.sys.mjs:235:12|_fetchAttachment@resource://services-settings/Attachments.sys.mjs:560:35|downloadAsBytes@resource://services-settings/Attachments.sys.mjs:537:35|
  - prototype Object
console.error: RemoteSecuritySettings: 
  failed to download CRLite filter
Object
  - prototype Object
    - columnNumber = 11
    - data = null
    - filename = resource://gre/modules/ServiceRequest.sys.mjs
    - lineNumber = 126
    - location = {"name":"open","filename":"resource://gre/modules/ServiceRequest.sys.mjs","sourceId":27,"lineNumber":126,"columnNumber":11,"asyncCause":null,"asyncCaller":null,"caller":{"filename":"resource://services-settings/Utils.sys.mjs","name":"fetch/<","sourceId":26,"lineNumber":284,"columnNumber":15,"asyncCause":null,"asyncCaller":null,"caller":{"filename":"resource://services-settings/Utils.sys.mjs","name":"fetch","sourceId":26,"lineNumber":235,"columnNumber":12,"asyncCause":null,"asyncCaller":null,"caller":{"filename":"resource://services-settings/Attachments.sys.mjs","name":"_fetchAttachment","sourceId":25,"lineNumber":560,"columnNumber":35,"asyncCause":null,"asyncCaller":null,"caller":{"filename":"resource://services-settings/Attachments.sys.mjs","name":"downloadAsBytes","sourceId":25,"lineNumber":537,"columnNumber":35,"asyncCause":null,"asyncCaller":null,"caller":null,"formattedStack":"downloadAsBytes@resource://services-settings/Attachments.sys.mjs:537:35\n","nativeSavedFrame":{}},"formattedStack":"_fetchAttachment@resource://services-settings/Attachments.sys.mjs:560:35\ndownloadAsBytes@resource://services-settings/Attachments.sys.mjs:537:35\n","nativeSavedFrame":{}},"formattedStack":"fetch@resource://services-settings/Utils.sys.mjs:235:12\n_fetchAttachment@resource://services-settings/Attachments.sys.mjs:560:35\ndownloadAsBytes@resource://services-settings/Attachments.sys.mjs:537:35\n","nativeSavedFrame":{}},"formattedStack":"fetch/<@resource://services-settings/Utils.sys.mjs:284:15\nfetch@resource://services-settings/Utils.sys.mjs:235:12\n_fetchAttachment@resource://services-settings/Attachments.sys.mjs:560:35\ndownloadAsBytes@resource://services-settings/Attachments.sys.mjs:537:35\n","nativeSavedFrame":{}},"formattedStack":"open@resource://gre/modules/ServiceRequest.sys.mjs:126:11\nfetch/<@resource://services-settings/Utils.sys.mjs:284:15\nfetch@resource://services-settings/Utils.sys.mjs:235:12\n_fetchAttachment@resource://services-settings/Attachments.sys.mjs:560:35\ndownloadAsBytes@resource://services-settings/Attachments.sys.mjs:537:35\n","nativeSavedFrame":{}}
    - message = 
    - name = 
    - result = 2152071198
    - stack = open@resource://gre/modules/ServiceRequest.sys.mjs:126:11|fetch/<@resource://services-settings/Utils.sys.mjs:284:15|fetch@resource://services-settings/Utils.sys.mjs:235:12|_fetchAttachment@resource://services-settings/Attachments.sys.mjs:560:35|downloadAsBytes@resource://services-settings/Attachments.sys.mjs:537:35|
  - prototype Object
console.error: RemoteSecuritySettings: 
  failed to download CRLite filter
Object
  - prototype Object
    - columnNumber = 11
    - data = null
    - filename = resource://gre/modules/ServiceRequest.sys.mjs
    - lineNumber = 126
    - location = {"name":"open","filename":"resource://gre/modules/ServiceRequest.sys.mjs","sourceId":27,"lineNumber":126,"columnNumber":11,"asyncCause":null,"asyncCaller":null,"caller":{"filename":"resource://services-settings/Utils.sys.mjs","name":"fetch/<","sourceId":26,"lineNumber":284,"columnNumber":15,"asyncCause":null,"asyncCaller":null,"caller":{"filename":"resource://services-settings/Utils.sys.mjs","name":"fetch","sourceId":26,"lineNumber":235,"columnNumber":12,"asyncCause":null,"asyncCaller":null,"caller":{"filename":"resource://services-settings/Attachments.sys.mjs","name":"_fetchAttachment","sourceId":25,"lineNumber":560,"columnNumber":35,"asyncCause":null,"asyncCaller":null,"caller":{"filename":"resource://services-settings/Attachments.sys.mjs","name":"downloadAsBytes","sourceId":25,"lineNumber":537,"columnNumber":35,"asyncCause":null,"asyncCaller":null,"caller":null,"formattedStack":"downloadAsBytes@resource://services-settings/Attachments.sys.mjs:537:35\n","nativeSavedFrame":{}},"formattedStack":"_fetchAttachment@resource://services-settings/Attachments.sys.mjs:560:35\ndownloadAsBytes@resource://services-settings/Attachments.sys.mjs:537:35\n","nativeSavedFrame":{}},"formattedStack":"fetch@resource://services-settings/Utils.sys.mjs:235:12\n_fetchAttachment@resource://services-settings/Attachments.sys.mjs:560:35\ndownloadAsBytes@resource://services-settings/Attachments.sys.mjs:537:35\n","nativeSavedFrame":{}},"formattedStack":"fetch/<@resource://services-settings/Utils.sys.mjs:284:15\nfetch@resource://services-settings/Utils.sys.mjs:235:12\n_fetchAttachment@resource://services-settings/Attachments.sys.mjs:560:35\ndownloadAsBytes@resource://services-settings/Attachments.sys.mjs:537:35\n","nativeSavedFrame":{}},"formattedStack":"open@resource://gre/modules/ServiceRequest.sys.mjs:126:11\nfetch/<@resource://services-settings/Utils.sys.mjs:284:15\nfetch@resource://services-settings/Utils.sys.mjs:235:12\n_fetchAttachment@resource://services-settings/Attachments.sys.mjs:560:35\ndownloadAsBytes@resource://services-settings/Attachments.sys.mjs:537:35\n","nativeSavedFrame":{}}
    - message = 
    - name = 
    - result = 2152071198
    - stack = open@resource://gre/modules/ServiceRequest.sys.mjs:126:11|fetch/<@resource://services-settings/Utils.sys.mjs:284:15|fetch@resource://services-settings/Utils.sys.mjs:235:12|_fetchAttachment@resource://services-settings/Attachments.sys.mjs:560:35|downloadAsBytes@resource://services-settings/Attachments.sys.mjs:537:35|
  - prototype Object
console.error: RemoteSecuritySettings: 
  failed to download CRLite filter
Object
  - prototype Object
    - columnNumber = 11
    - data = null
    - filename = resource://gre/modules/ServiceRequest.sys.mjs
    - lineNumber = 126
    - location = {"name":"open","filename":"resource://gre/modules/ServiceRequest.sys.mjs","sourceId":27,"lineNumber":126,"columnNumber":11,"asyncCause":null,"asyncCaller":null,"caller":{"filename":"resource://services-settings/Utils.sys.mjs","name":"fetch/<","sourceId":26,"lineNumber":284,"columnNumber":15,"asyncCause":null,"asyncCaller":null,"caller":{"filename":"resource://services-settings/Utils.sys.mjs","name":"fetch","sourceId":26,"lineNumber":235,"columnNumber":12,"asyncCause":null,"asyncCaller":null,"caller":{"filename":"resource://services-settings/Attachments.sys.mjs","name":"_fetchAttachment","sourceId":25,"lineNumber":560,"columnNumber":35,"asyncCause":null,"asyncCaller":null,"caller":{"filename":"resource://services-settings/Attachments.sys.mjs","name":"downloadAsBytes","sourceId":25,"lineNumber":537,"columnNumber":35,"asyncCause":null,"asyncCaller":null,"caller":null,"formattedStack":"downloadAsBytes@resource://services-settings/Attachments.sys.mjs:537:35\n","nativeSavedFrame":{}},"formattedStack":"_fetchAttachment@resource://services-settings/Attachments.sys.mjs:560:35\ndownloadAsBytes@resource://services-settings/Attachments.sys.mjs:537:35\n","nativeSavedFrame":{}},"formattedStack":"fetch@resource://services-settings/Utils.sys.mjs:235:12\n_fetchAttachment@resource://services-settings/Attachments.sys.mjs:560:35\ndownloadAsBytes@resource://services-settings/Attachments.sys.mjs:537:35\n","nativeSavedFrame":{}},"formattedStack":"fetch/<@resource://services-settings/Utils.sys.mjs:284:15\nfetch@resource://services-settings/Utils.sys.mjs:235:12\n_fetchAttachment@resource://services-settings/Attachments.sys.mjs:560:35\ndownloadAsBytes@resource://services-settings/Attachments.sys.mjs:537:35\n","nativeSavedFrame":{}},"formattedStack":"open@resource://gre/modules/ServiceRequest.sys.mjs:126:11\nfetch/<@resource://services-settings/Utils.sys.mjs:284:15\nfetch@resource://services-settings/Utils.sys.mjs:235:12\n_fetchAttachment@resource://services-settings/Attachments.sys.mjs:560:35\ndownloadAsBytes@resource://services-settings/Attachments.sys.mjs:537:35\n","nativeSavedFrame":{}}
    - message = 
    - name = 
    - result = 2152071198
    - stack = open@resource://gre/modules/ServiceRequest.sys.mjs:126:11|fetch/<@resource://services-settings/Utils.sys.mjs:284:15|fetch@resource://services-settings/Utils.sys.mjs:235:12|_fetchAttachment@resource://services-settings/Attachments.sys.mjs:560:35|downloadAsBytes@resource://services-settings/Attachments.sys.mjs:537:35|
  - prototype Object
console.error: RemoteSecuritySettings: 
  failed to download CRLite filter
Object
  - prototype Object
    - columnNumber = 11
    - data = null
    - filename = resource://gre/modules/ServiceRequest.sys.mjs
    - lineNumber = 126
    - location = {"name":"open","filename":"resource://gre/modules/ServiceRequest.sys.mjs","sourceId":27,"lineNumber":126,"columnNumber":11,"asyncCause":null,"asyncCaller":null,"caller":{"filename":"resource://services-settings/Utils.sys.mjs","name":"fetch/<","sourceId":26,"lineNumber":284,"columnNumber":15,"asyncCause":null,"asyncCaller":null,"caller":{"filename":"resource://services-settings/Utils.sys.mjs","name":"fetch","sourceId":26,"lineNumber":235,"columnNumber":12,"asyncCause":null,"asyncCaller":null,"caller":{"filename":"resource://services-settings/Attachments.sys.mjs","name":"_fetchAttachment","sourceId":25,"lineNumber":560,"columnNumber":35,"asyncCause":null,"asyncCaller":null,"caller":{"filename":"resource://services-settings/Attachments.sys.mjs","name":"downloadAsBytes","sourceId":25,"lineNumber":537,"columnNumber":35,"asyncCause":null,"asyncCaller":null,"caller":null,"formattedStack":"downloadAsBytes@resource://services-settings/Attachments.sys.mjs:537:35\n","nativeSavedFrame":{}},"formattedStack":"_fetchAttachment@resource://services-settings/Attachments.sys.mjs:560:35\ndownloadAsBytes@resource://services-settings/Attachments.sys.mjs:537:35\n","nativeSavedFrame":{}},"formattedStack":"fetch@resource://services-settings/Utils.sys.mjs:235:12\n_fetchAttachment@resource://services-settings/Attachments.sys.mjs:560:35\ndownloadAsBytes@resource://services-settings/Attachments.sys.mjs:537:35\n","nativeSavedFrame":{}},"formattedStack":"fetch/<@resource://services-settings/Utils.sys.mjs:284:15\nfetch@resource://services-settings/Utils.sys.mjs:235:12\n_fetchAttachment@resource://services-settings/Attachments.sys.mjs:560:35\ndownloadAsBytes@resource://services-settings/Attachments.sys.mjs:537:35\n","nativeSavedFrame":{}},"formattedStack":"open@resource://gre/modules/ServiceRequest.sys.mjs:126:11\nfetch/<@resource://services-settings/Utils.sys.mjs:284:15\nfetch@resource://services-settings/Utils.sys.mjs:235:12\n_fetchAttachment@resource://services-settings/Attachments.sys.mjs:560:35\ndownloadAsBytes@resource://services-settings/Attachments.sys.mjs:537:35\n","nativeSavedFrame":{}}
    - message = 
    - name = 
    - result = 2152071198
    - stack = open@resource://gre/modules/ServiceRequest.sys.mjs:126:11|fetch/<@resource://services-settings/Utils.sys.mjs:284:15|fetch@resource://services-settings/Utils.sys.mjs:235:12|_fetchAttachment@resource://services-settings/Attachments.sys.mjs:560:35|downloadAsBytes@resource://services-settings/Attachments.sys.mjs:537:35|
  - prototype Object
console.error: RemoteSecuritySettings: 
  failed to download CRLite filter
Object
  - prototype Object
    - columnNumber = 11
    - data = null
    - filename = resource://gre/modules/ServiceRequest.sys.mjs
    - lineNumber = 126
    - location = {"name":"open","filename":"resource://gre/modules/ServiceRequest.sys.mjs","sourceId":27,"lineNumber":126,"columnNumber":11,"asyncCause":null,"asyncCaller":null,"caller":{"filename":"resource://services-settings/Utils.sys.mjs","name":"fetch/<","sourceId":26,"lineNumber":284,"columnNumber":15,"asyncCause":null,"asyncCaller":null,"caller":{"filename":"resource://services-settings/Utils.sys.mjs","name":"fetch","sourceId":26,"lineNumber":235,"columnNumber":12,"asyncCause":null,"asyncCaller":null,"caller":{"filename":"resource://services-settings/Attachments.sys.mjs","name":"_fetchAttachment","sourceId":25,"lineNumber":560,"columnNumber":35,"asyncCause":null,"asyncCaller":null,"caller":{"filename":"resource://services-settings/Attachments.sys.mjs","name":"downloadAsBytes","sourceId":25,"lineNumber":537,"columnNumber":35,"asyncCause":null,"asyncCaller":null,"caller":null,"formattedStack":"downloadAsBytes@resource://services-settings/Attachments.sys.mjs:537:35\n","nativeSavedFrame":{}},"formattedStack":"_fetchAttachment@resource://services-settings/Attachments.sys.mjs:560:35\ndownloadAsBytes@resource://services-settings/Attachments.sys.mjs:537:35\n","nativeSavedFrame":{}},"formattedStack":"fetch@resource://services-settings/Utils.sys.mjs:235:12\n_fetchAttachment@resource://services-settings/Attachments.sys.mjs:560:35\ndownloadAsBytes@resource://services-settings/Attachments.sys.mjs:537:35\n","nativeSavedFrame":{}},"formattedStack":"fetch/<@resource://services-settings/Utils.sys.mjs:284:15\nfetch@resource://services-settings/Utils.sys.mjs:235:12\n_fetchAttachment@resource://services-settings/Attachments.sys.mjs:560:35\ndownloadAsBytes@resource://services-settings/Attachments.sys.mjs:537:35\n","nativeSavedFrame":{}},"formattedStack":"open@resource://gre/modules/ServiceRequest.sys.mjs:126:11\nfetch/<@resource://services-settings/Utils.sys.mjs:284:15\nfetch@resource://services-settings/Utils.sys.mjs:235:12\n_fetchAttachment@resource://services-settings/Attachments.sys.mjs:560:35\ndownloadAsBytes@resource://services-settings/Attachments.sys.mjs:537:35\n","nativeSavedFrame":{}}
    - message = 
    - name = 
    - result = 2152071198
    - stack = open@resource://gre/modules/ServiceRequest.sys.mjs:126:11|fetch/<@resource://services-settings/Utils.sys.mjs:284:15|fetch@resource://services-settings/Utils.sys.mjs:235:12|_fetchAttachment@resource://services-settings/Attachments.sys.mjs:560:35|downloadAsBytes@resource://services-settings/Attachments.sys.mjs:537:35|
  - prototype Object
console.error: RemoteSecuritySettings: 
  failed to download CRLite filter
Object
  - prototype Object
    - columnNumber = 11
    - data = null
    - filename = resource://gre/modules/ServiceRequest.sys.mjs
    - lineNumber = 126
    - location = {"name":"open","filename":"resource://gre/modules/ServiceRequest.sys.mjs","sourceId":27,"lineNumber":126,"columnNumber":11,"asyncCause":null,"asyncCaller":null,"caller":{"filename":"resource://services-settings/Utils.sys.mjs","name":"fetch/<","sourceId":26,"lineNumber":284,"columnNumber":15,"asyncCause":null,"asyncCaller":null,"caller":{"filename":"resource://services-settings/Utils.sys.mjs","name":"fetch","sourceId":26,"lineNumber":235,"columnNumber":12,"asyncCause":null,"asyncCaller":null,"caller":{"filename":"resource://services-settings/Attachments.sys.mjs","name":"_fetchAttachment","sourceId":25,"lineNumber":560,"columnNumber":35,"asyncCause":null,"asyncCaller":null,"caller":{"filename":"resource://services-settings/Attachments.sys.mjs","name":"downloadAsBytes","sourceId":25,"lineNumber":537,"columnNumber":35,"asyncCause":null,"asyncCaller":null,"caller":null,"formattedStack":"downloadAsBytes@resource://services-settings/Attachments.sys.mjs:537:35\n","nativeSavedFrame":{}},"formattedStack":"_fetchAttachment@resource://services-settings/Attachments.sys.mjs:560:35\ndownloadAsBytes@resource://services-settings/Attachments.sys.mjs:537:35\n","nativeSavedFrame":{}},"formattedStack":"fetch@resource://services-settings/Utils.sys.mjs:235:12\n_fetchAttachment@resource://services-settings/Attachments.sys.mjs:560:35\ndownloadAsBytes@resource://services-settings/Attachments.sys.mjs:537:35\n","nativeSavedFrame":{}},"formattedStack":"fetch/<@resource://services-settings/Utils.sys.mjs:284:15\nfetch@resource://services-settings/Utils.sys.mjs:235:12\n_fetchAttachment@resource://services-settings/Attachments.sys.mjs:560:35\ndownloadAsBytes@resource://services-settings/Attachments.sys.mjs:537:35\n","nativeSavedFrame":{}},"formattedStack":"open@resource://gre/modules/ServiceRequest.sys.mjs:126:11\nfetch/<@resource://services-settings/Utils.sys.mjs:284:15\nfetch@resource://services-settings/Utils.sys.mjs:235:12\n_fetchAttachment@resource://services-settings/Attachments.sys.mjs:560:35\ndownloadAsBytes@resource://services-settings/Attachments.sys.mjs:537:35\n","nativeSavedFrame":{}}
    - message = 
    - name = 
    - result = 2152071198
    - stack = open@resource://gre/modules/ServiceRequest.sys.mjs:126:11|fetch/<@resource://services-settings/Utils.sys.mjs:284:15|fetch@resource://services-settings/Utils.sys.mjs:235:12|_fetchAttachment@resource://services-settings/Attachments.sys.mjs:560:35|downloadAsBytes@resource://services-settings/Attachments.sys.mjs:537:35|
  - prototype Object
console.error: RemoteSecuritySettings: 
  failed to download CRLite filter
Object
  - prototype Object
    - columnNumber = 11
    - data = null
    - filename = resource://gre/modules/ServiceRequest.sys.mjs
    - lineNumber = 126
    - location = {"name":"open","filename":"resource://gre/modules/ServiceRequest.sys.mjs","sourceId":27,"lineNumber":126,"columnNumber":11,"asyncCause":null,"asyncCaller":null,"caller":{"filename":"resource://services-settings/Utils.sys.mjs","name":"fetch/<","sourceId":26,"lineNumber":284,"columnNumber":15,"asyncCause":null,"asyncCaller":null,"caller":{"filename":"resource://services-settings/Utils.sys.mjs","name":"fetch","sourceId":26,"lineNumber":235,"columnNumber":12,"asyncCause":null,"asyncCaller":null,"caller":{"filename":"resource://services-settings/Attachments.sys.mjs","name":"_fetchAttachment","sourceId":25,"lineNumber":560,"columnNumber":35,"asyncCause":null,"asyncCaller":null,"caller":{"filename":"resource://services-settings/Attachments.sys.mjs","name":"downloadAsBytes","sourceId":25,"lineNumber":537,"columnNumber":35,"asyncCause":null,"asyncCaller":null,"caller":null,"formattedStack":"downloadAsBytes@resource://services-settings/Attachments.sys.mjs:537:35\n","nativeSavedFrame":{}},"formattedStack":"_fetchAttachment@resource://services-settings/Attachments.sys.mjs:560:35\ndownloadAsBytes@resource://services-settings/Attachments.sys.mjs:537:35\n","nativeSavedFrame":{}},"formattedStack":"fetch@resource://services-settings/Utils.sys.mjs:235:12\n_fetchAttachment@resource://services-settings/Attachments.sys.mjs:560:35\ndownloadAsBytes@resource://services-settings/Attachments.sys.mjs:537:35\n","nativeSavedFrame":{}},"formattedStack":"fetch/<@resource://services-settings/Utils.sys.mjs:284:15\nfetch@resource://services-settings/Utils.sys.mjs:235:12\n_fetchAttachment@resource://services-settings/Attachments.sys.mjs:560:35\ndownloadAsBytes@resource://services-settings/Attachments.sys.mjs:537:35\n","nativeSavedFrame":{}},"formattedStack":"open@resource://gre/modules/ServiceRequest.sys.mjs:126:11\nfetch/<@resource://services-settings/Utils.sys.mjs:284:15\nfetch@resource://services-settings/Utils.sys.mjs:235:12\n_fetchAttachment@resource://services-settings/Attachments.sys.mjs:560:35\ndownloadAsBytes@resource://services-settings/Attachments.sys.mjs:537:35\n","nativeSavedFrame":{}}
    - message = 
    - name = 
    - result = 2152071198
    - stack = open@resource://gre/modules/ServiceRequest.sys.mjs:126:11|fetch/<@resource://services-settings/Utils.sys.mjs:284:15|fetch@resource://services-settings/Utils.sys.mjs:235:12|_fetchAttachment@resource://services-settings/Attachments.sys.mjs:560:35|downloadAsBytes@resource://services-settings/Attachments.sys.mjs:537:35|
  - prototype Object
console.error: RemoteSecuritySettings: 
  failed to download CRLite filter
Object
  - prototype Object
    - columnNumber = 11
    - data = null
    - filename = resource://gre/modules/ServiceRequest.sys.mjs
    - lineNumber = 126
    - location = {"name":"open","filename":"resource://gre/modules/ServiceRequest.sys.mjs","sourceId":27,"lineNumber":126,"columnNumber":11,"asyncCause":null,"asyncCaller":null,"caller":{"filename":"resource://services-settings/Utils.sys.mjs","name":"fetch/<","sourceId":26,"lineNumber":284,"columnNumber":15,"asyncCause":null,"asyncCaller":null,"caller":{"filename":"resource://services-settings/Utils.sys.mjs","name":"fetch","sourceId":26,"lineNumber":235,"columnNumber":12,"asyncCause":null,"asyncCaller":null,"caller":{"filename":"resource://services-settings/Attachments.sys.mjs","name":"_fetchAttachment","sourceId":25,"lineNumber":560,"columnNumber":35,"asyncCause":null,"asyncCaller":null,"caller":{"filename":"resource://services-settings/Attachments.sys.mjs","name":"downloadAsBytes","sourceId":25,"lineNumber":537,"columnNumber":35,"asyncCause":null,"asyncCaller":null,"caller":null,"formattedStack":"downloadAsBytes@resource://services-settings/Attachments.sys.mjs:537:35\n","nativeSavedFrame":{}},"formattedStack":"_fetchAttachment@resource://services-settings/Attachments.sys.mjs:560:35\ndownloadAsBytes@resource://services-settings/Attachments.sys.mjs:537:35\n","nativeSavedFrame":{}},"formattedStack":"fetch@resource://services-settings/Utils.sys.mjs:235:12\n_fetchAttachment@resource://services-settings/Attachments.sys.mjs:560:35\ndownloadAsBytes@resource://services-settings/Attachments.sys.mjs:537:35\n","nativeSavedFrame":{}},"formattedStack":"fetch/<@resource://services-settings/Utils.sys.mjs:284:15\nfetch@resource://services-settings/Utils.sys.mjs:235:12\n_fetchAttachment@resource://services-settings/Attachments.sys.mjs:560:35\ndownloadAsBytes@resource://services-settings/Attachments.sys.mjs:537:35\n","nativeSavedFrame":{}},"formattedStack":"open@resource://gre/modules/ServiceRequest.sys.mjs:126:11\nfetch/<@resource://services-settings/Utils.sys.mjs:284:15\nfetch@resource://services-settings/Utils.sys.mjs:235:12\n_fetchAttachment@resource://services-settings/Attachments.sys.mjs:560:35\ndownloadAsBytes@resource://services-settings/Attachments.sys.mjs:537:35\n","nativeSavedFrame":{}}
    - message = 
    - name = 
    - result = 2152071198
    - stack = open@resource://gre/modules/ServiceRequest.sys.mjs:126:11|fetch/<@resource://services-settings/Utils.sys.mjs:284:15|fetch@resource://services-settings/Utils.sys.mjs:235:12|_fetchAttachment@resource://services-settings/Attachments.sys.mjs:560:35|downloadAsBytes@resource://services-settings/Attachments.sys.mjs:537:35|
  - prototype Object
console.error: RemoteSecuritySettings: 
  failed to download CRLite filter
Object
  - prototype Object
    - columnNumber = 11
    - data = null
    - filename = resource://gre/modules/ServiceRequest.sys.mjs
    - lineNumber = 126
    - location = {"name":"open","filename":"resource://gre/modules/ServiceRequest.sys.mjs","sourceId":27,"lineNumber":126,"columnNumber":11,"asyncCause":null,"asyncCaller":null,"caller":{"filename":"resource://services-settings/Utils.sys.mjs","name":"fetch/<","sourceId":26,"lineNumber":284,"columnNumber":15,"asyncCause":null,"asyncCaller":null,"caller":{"filename":"resource://services-settings/Utils.sys.mjs","name":"fetch","sourceId":26,"lineNumber":235,"columnNumber":12,"asyncCause":null,"asyncCaller":null,"caller":{"filename":"resource://services-settings/Attachments.sys.mjs","name":"_fetchAttachment","sourceId":25,"lineNumber":560,"columnNumber":35,"asyncCause":null,"asyncCaller":null,"caller":{"filename":"resource://services-settings/Attachments.sys.mjs","name":"downloadAsBytes","sourceId":25,"lineNumber":537,"columnNumber":35,"asyncCause":null,"asyncCaller":null,"caller":null,"formattedStack":"downloadAsBytes@resource://services-settings/Attachments.sys.mjs:537:35\n","nativeSavedFrame":{}},"formattedStack":"_fetchAttachment@resource://services-settings/Attachments.sys.mjs:560:35\ndownloadAsBytes@resource://services-settings/Attachments.sys.mjs:537:35\n","nativeSavedFrame":{}},"formattedStack":"fetch@resource://services-settings/Utils.sys.mjs:235:12\n_fetchAttachment@resource://services-settings/Attachments.sys.mjs:560:35\ndownloadAsBytes@resource://services-settings/Attachments.sys.mjs:537:35\n","nativeSavedFrame":{}},"formattedStack":"fetch/<@resource://services-settings/Utils.sys.mjs:284:15\nfetch@resource://services-settings/Utils.sys.mjs:235:12\n_fetchAttachment@resource://services-settings/Attachments.sys.mjs:560:35\ndownloadAsBytes@resource://services-settings/Attachments.sys.mjs:537:35\n","nativeSavedFrame":{}},"formattedStack":"open@resource://gre/modules/ServiceRequest.sys.mjs:126:11\nfetch/<@resource://services-settings/Utils.sys.mjs:284:15\nfetch@resource://services-settings/Utils.sys.mjs:235:12\n_fetchAttachment@resource://services-settings/Attachments.sys.mjs:560:35\ndownloadAsBytes@resource://services-settings/Attachments.sys.mjs:537:35\n","nativeSavedFrame":{}}
    - message = 
    - name = 
    - result = 2152071198
    - stack = open@resource://gre/modules/ServiceRequest.sys.mjs:126:11|fetch/<@resource://services-settings/Utils.sys.mjs:284:15|fetch@resource://services-settings/Utils.sys.mjs:235:12|_fetchAttachment@resource://services-settings/Attachments.sys.mjs:560:35|downloadAsBytes@resource://services-settings/Attachments.sys.mjs:537:35|
  - prototype Object
console.error: RemoteSecuritySettings: 
  failed to download CRLite filter
Object
  - prototype Object
    - columnNumber = 11
    - data = null
    - filename = resource://gre/modules/ServiceRequest.sys.mjs
    - lineNumber = 126
    - location = {"name":"open","filename":"resource://gre/modules/ServiceRequest.sys.mjs","sourceId":27,"lineNumber":126,"columnNumber":11,"asyncCause":null,"asyncCaller":null,"caller":{"filename":"resource://services-settings/Utils.sys.mjs","name":"fetch/<","sourceId":26,"lineNumber":284,"columnNumber":15,"asyncCause":null,"asyncCaller":null,"caller":{"filename":"resource://services-settings/Utils.sys.mjs","name":"fetch","sourceId":26,"lineNumber":235,"columnNumber":12,"asyncCause":null,"asyncCaller":null,"caller":{"filename":"resource://services-settings/Attachments.sys.mjs","name":"_fetchAttachment","sourceId":25,"lineNumber":560,"columnNumber":35,"asyncCause":null,"asyncCaller":null,"caller":{"filename":"resource://services-settings/Attachments.sys.mjs","name":"downloadAsBytes","sourceId":25,"lineNumber":537,"columnNumber":35,"asyncCause":null,"asyncCaller":null,"caller":null,"formattedStack":"downloadAsBytes@resource://services-settings/Attachments.sys.mjs:537:35\n","nativeSavedFrame":{}},"formattedStack":"_fetchAttachment@resource://services-settings/Attachments.sys.mjs:560:35\ndownloadAsBytes@resource://services-settings/Attachments.sys.mjs:537:35\n","nativeSavedFrame":{}},"formattedStack":"fetch@resource://services-settings/Utils.sys.mjs:235:12\n_fetchAttachment@resource://services-settings/Attachments.sys.mjs:560:35\ndownloadAsBytes@resource://services-settings/Attachments.sys.mjs:537:35\n","nativeSavedFrame":{}},"formattedStack":"fetch/<@resource://services-settings/Utils.sys.mjs:284:15\nfetch@resource://services-settings/Utils.sys.mjs:235:12\n_fetchAttachment@resource://services-settings/Attachments.sys.mjs:560:35\ndownloadAsBytes@resource://services-settings/Attachments.sys.mjs:537:35\n","nativeSavedFrame":{}},"formattedStack":"open@resource://gre/modules/ServiceRequest.sys.mjs:126:11\nfetch/<@resource://services-settings/Utils.sys.mjs:284:15\nfetch@resource://services-settings/Utils.sys.mjs:235:12\n_fetchAttachment@resource://services-settings/Attachments.sys.mjs:560:35\ndownloadAsBytes@resource://services-settings/Attachments.sys.mjs:537:35\n","nativeSavedFrame":{}}
    - message = 
    - name = 
    - result = 2152071198
    - stack = open@resource://gre/modules/ServiceRequest.sys.mjs:126:11|fetch/<@resource://services-settings/Utils.sys.mjs:284:15|fetch@resource://services-settings/Utils.sys.mjs:235:12|_fetchAttachment@resource://services-settings/Attachments.sys.mjs:560:35|downloadAsBytes@resource://services-settings/Attachments.sys.mjs:537:35|
  - prototype Object
console.error: RemoteSecuritySettings: 
  failed to download CRLite filter
Object
  - prototype Object
    - columnNumber = 11
    - data = null
    - filename = resource://gre/modules/ServiceRequest.sys.mjs
    - lineNumber = 126
    - location = {"name":"open","filename":"resource://gre/modules/ServiceRequest.sys.mjs","sourceId":27,"lineNumber":126,"columnNumber":11,"asyncCause":null,"asyncCaller":null,"caller":{"filename":"resource://services-settings/Utils.sys.mjs","name":"fetch/<","sourceId":26,"lineNumber":284,"columnNumber":15,"asyncCause":null,"asyncCaller":null,"caller":{"filename":"resource://services-settings/Utils.sys.mjs","name":"fetch","sourceId":26,"lineNumber":235,"columnNumber":12,"asyncCause":null,"asyncCaller":null,"caller":{"filename":"resource://services-settings/Attachments.sys.mjs","name":"_fetchAttachment","sourceId":25,"lineNumber":560,"columnNumber":35,"asyncCause":null,"asyncCaller":null,"caller":{"filename":"resource://services-settings/Attachments.sys.mjs","name":"downloadAsBytes","sourceId":25,"lineNumber":537,"columnNumber":35,"asyncCause":null,"asyncCaller":null,"caller":null,"formattedStack":"downloadAsBytes@resource://services-settings/Attachments.sys.mjs:537:35\n","nativeSavedFrame":{}},"formattedStack":"_fetchAttachment@resource://services-settings/Attachments.sys.mjs:560:35\ndownloadAsBytes@resource://services-settings/Attachments.sys.mjs:537:35\n","nativeSavedFrame":{}},"formattedStack":"fetch@resource://services-settings/Utils.sys.mjs:235:12\n_fetchAttachment@resource://services-settings/Attachments.sys.mjs:560:35\ndownloadAsBytes@resource://services-settings/Attachments.sys.mjs:537:35\n","nativeSavedFrame":{}},"formattedStack":"fetch/<@resource://services-settings/Utils.sys.mjs:284:15\nfetch@resource://services-settings/Utils.sys.mjs:235:12\n_fetchAttachment@resource://services-settings/Attachments.sys.mjs:560:35\ndownloadAsBytes@resource://services-settings/Attachments.sys.mjs:537:35\n","nativeSavedFrame":{}},"formattedStack":"open@resource://gre/modules/ServiceRequest.sys.mjs:126:11\nfetch/<@resource://services-settings/Utils.sys.mjs:284:15\nfetch@resource://services-settings/Utils.sys.mjs:235:12\n_fetchAttachment@resource://services-settings/Attachments.sys.mjs:560:35\ndownloadAsBytes@resource://services-settings/Attachments.sys.mjs:537:35\n","nativeSavedFrame":{}}
    - message = 
    - name = 
    - result = 2152071198
    - stack = open@resource://gre/modules/ServiceRequest.sys.mjs:126:11|fetch/<@resource://services-settings/Utils.sys.mjs:284:15|fetch@resource://services-settings/Utils.sys.mjs:235:12|_fetchAttachment@resource://services-settings/Attachments.sys.mjs:560:35|downloadAsBytes@resource://services-settings/Attachments.sys.mjs:537:35|
  - prototype Object
console.error: RemoteSecuritySettings: 
  failed to download CRLite filter
Object
  - prototype Object
    - columnNumber = 11
    - data = null
    - filename = resource://gre/modules/ServiceRequest.sys.mjs
    - lineNumber = 126
    - location = {"name":"open","filename":"resource://gre/modules/ServiceRequest.sys.mjs","sourceId":27,"lineNumber":126,"columnNumber":11,"asyncCause":null,"asyncCaller":null,"caller":{"filename":"resource://services-settings/Utils.sys.mjs","name":"fetch/<","sourceId":26,"lineNumber":284,"columnNumber":15,"asyncCause":null,"asyncCaller":null,"caller":{"filename":"resource://services-settings/Utils.sys.mjs","name":"fetch","sourceId":26,"lineNumber":235,"columnNumber":12,"asyncCause":null,"asyncCaller":null,"caller":{"filename":"resource://services-settings/Attachments.sys.mjs","name":"_fetchAttachment","sourceId":25,"lineNumber":560,"columnNumber":35,"asyncCause":null,"asyncCaller":null,"caller":{"filename":"resource://services-settings/Attachments.sys.mjs","name":"downloadAsBytes","sourceId":25,"lineNumber":537,"columnNumber":35,"asyncCause":null,"asyncCaller":null,"caller":null,"formattedStack":"downloadAsBytes@resource://services-settings/Attachments.sys.mjs:537:35\n","nativeSavedFrame":{}},"formattedStack":"_fetchAttachment@resource://services-settings/Attachments.sys.mjs:560:35\ndownloadAsBytes@resource://services-settings/Attachments.sys.mjs:537:35\n","nativeSavedFrame":{}},"formattedStack":"fetch@resource://services-settings/Utils.sys.mjs:235:12\n_fetchAttachment@resource://services-settings/Attachments.sys.mjs:560:35\ndownloadAsBytes@resource://services-settings/Attachments.sys.mjs:537:35\n","nativeSavedFrame":{}},"formattedStack":"fetch/<@resource://services-settings/Utils.sys.mjs:284:15\nfetch@resource://services-settings/Utils.sys.mjs:235:12\n_fetchAttachment@resource://services-settings/Attachments.sys.mjs:560:35\ndownloadAsBytes@resource://services-settings/Attachments.sys.mjs:537:35\n","nativeSavedFrame":{}},"formattedStack":"open@resource://gre/modules/ServiceRequest.sys.mjs:126:11\nfetch/<@resource://services-settings/Utils.sys.mjs:284:15\nfetch@resource://services-settings/Utils.sys.mjs:235:12\n_fetchAttachment@resource://services-settings/Attachments.sys.mjs:560:35\ndownloadAsBytes@resource://services-settings/Attachments.sys.mjs:537:35\n","nativeSavedFrame":{}}
    - message = 
    - name = 
    - result = 2152071198
    - stack = open@resource://gre/modules/ServiceRequest.sys.mjs:126:11|fetch/<@resource://services-settings/Utils.sys.mjs:284:15|fetch@resource://services-settings/Utils.sys.mjs:235:12|_fetchAttachment@resource://services-settings/Attachments.sys.mjs:560:35|downloadAsBytes@resource://services-settings/Attachments.sys.mjs:537:35|
  - prototype Object
console.error: RemoteSecuritySettings: 
  failed to download CRLite filter
Object
  - prototype Object
    - columnNumber = 11
    - data = null
    - filename = resource://gre/modules/ServiceRequest.sys.mjs
    - lineNumber = 126
    - location = {"name":"open","filename":"resource://gre/modules/ServiceRequest.sys.mjs","sourceId":27,"lineNumber":126,"columnNumber":11,"asyncCause":null,"asyncCaller":null,"caller":{"filename":"resource://services-settings/Utils.sys.mjs","name":"fetch/<","sourceId":26,"lineNumber":284,"columnNumber":15,"asyncCause":null,"asyncCaller":null,"caller":{"filename":"resource://services-settings/Utils.sys.mjs","name":"fetch","sourceId":26,"lineNumber":235,"columnNumber":12,"asyncCause":null,"asyncCaller":null,"caller":{"filename":"resource://services-settings/Attachments.sys.mjs","name":"_fetchAttachment","sourceId":25,"lineNumber":560,"columnNumber":35,"asyncCause":null,"asyncCaller":null,"caller":{"filename":"resource://services-settings/Attachments.sys.mjs","name":"downloadAsBytes","sourceId":25,"lineNumber":537,"columnNumber":35,"asyncCause":null,"asyncCaller":null,"caller":null,"formattedStack":"downloadAsBytes@resource://services-settings/Attachments.sys.mjs:537:35\n","nativeSavedFrame":{}},"formattedStack":"_fetchAttachment@resource://services-settings/Attachments.sys.mjs:560:35\ndownloadAsBytes@resource://services-settings/Attachments.sys.mjs:537:35\n","nativeSavedFrame":{}},"formattedStack":"fetch@resource://services-settings/Utils.sys.mjs:235:12\n_fetchAttachment@resource://services-settings/Attachments.sys.mjs:560:35\ndownloadAsBytes@resource://services-settings/Attachments.sys.mjs:537:35\n","nativeSavedFrame":{}},"formattedStack":"fetch/<@resource://services-settings/Utils.sys.mjs:284:15\nfetch@resource://services-settings/Utils.sys.mjs:235:12\n_fetchAttachment@resource://services-settings/Attachments.sys.mjs:560:35\ndownloadAsBytes@resource://services-settings/Attachments.sys.mjs:537:35\n","nativeSavedFrame":{}},"formattedStack":"open@resource://gre/modules/ServiceRequest.sys.mjs:126:11\nfetch/<@resource://services-settings/Utils.sys.mjs:284:15\nfetch@resource://services-settings/Utils.sys.mjs:235:12\n_fetchAttachment@resource://services-settings/Attachments.sys.mjs:560:35\ndownloadAsBytes@resource://services-settings/Attachments.sys.mjs:537:35\n","nativeSavedFrame":{}}
    - message = 
    - name = 
    - result = 2152071198
    - stack = open@resource://gre/modules/ServiceRequest.sys.mjs:126:11|fetch/<@resource://services-settings/Utils.sys.mjs:284:15|fetch@resource://services-settings/Utils.sys.mjs:235:12|_fetchAttachment@resource://services-settings/Attachments.sys.mjs:560:35|downloadAsBytes@resource://services-settings/Attachments.sys.mjs:537:35|
  - prototype Object
console.error: RemoteSecuritySettings: 
  failed to download CRLite filter
Object
  - prototype Object
    - columnNumber = 11
    - data = null
    - filename = resource://gre/modules/ServiceRequest.sys.mjs
    - lineNumber = 126
    - location = {"name":"open","filename":"resource://gre/modules/ServiceRequest.sys.mjs","sourceId":27,"lineNumber":126,"columnNumber":11,"asyncCause":null,"asyncCaller":null,"caller":{"filename":"resource://services-settings/Utils.sys.mjs","name":"fetch/<","sourceId":26,"lineNumber":284,"columnNumber":15,"asyncCause":null,"asyncCaller":null,"caller":{"filename":"resource://services-settings/Utils.sys.mjs","name":"fetch","sourceId":26,"lineNumber":235,"columnNumber":12,"asyncCause":null,"asyncCaller":null,"caller":{"filename":"resource://services-settings/Attachments.sys.mjs","name":"_fetchAttachment","sourceId":25,"lineNumber":560,"columnNumber":35,"asyncCause":null,"asyncCaller":null,"caller":{"filename":"resource://services-settings/Attachments.sys.mjs","name":"downloadAsBytes","sourceId":25,"lineNumber":537,"columnNumber":35,"asyncCause":null,"asyncCaller":null,"caller":null,"formattedStack":"downloadAsBytes@resource://services-settings/Attachments.sys.mjs:537:35\n","nativeSavedFrame":{}},"formattedStack":"_fetchAttachment@resource://services-settings/Attachments.sys.mjs:560:35\ndownloadAsBytes@resource://services-settings/Attachments.sys.mjs:537:35\n","nativeSavedFrame":{}},"formattedStack":"fetch@resource://services-settings/Utils.sys.mjs:235:12\n_fetchAttachment@resource://services-settings/Attachments.sys.mjs:560:35\ndownloadAsBytes@resource://services-settings/Attachments.sys.mjs:537:35\n","nativeSavedFrame":{}},"formattedStack":"fetch/<@resource://services-settings/Utils.sys.mjs:284:15\nfetch@resource://services-settings/Utils.sys.mjs:235:12\n_fetchAttachment@resource://services-settings/Attachments.sys.mjs:560:35\ndownloadAsBytes@resource://services-settings/Attachments.sys.mjs:537:35\n","nativeSavedFrame":{}},"formattedStack":"open@resource://gre/modules/ServiceRequest.sys.mjs:126:11\nfetch/<@resource://services-settings/Utils.sys.mjs:284:15\nfetch@resource://services-settings/Utils.sys.mjs:235:12\n_fetchAttachment@resource://services-settings/Attachments.sys.mjs:560:35\ndownloadAsBytes@resource://services-settings/Attachments.sys.mjs:537:35\n","nativeSavedFrame":{}}
    - message = 
    - name = 
    - result = 2152071198
    - stack = open@resource://gre/modules/ServiceRequest.sys.mjs:126:11|fetch/<@resource://services-settings/Utils.sys.mjs:284:15|fetch@resource://services-settings/Utils.sys.mjs:235:12|_fetchAttachment@resource://services-settings/Attachments.sys.mjs:560:35|downloadAsBytes@resource://services-settings/Attachments.sys.mjs:537:35|
  - prototype Object
console.error: RemoteSecuritySettings: 
  failed to download CRLite filter
Object
  - prototype Object
    - columnNumber = 11
    - data = null
    - filename = resource://gre/modules/ServiceRequest.sys.mjs
    - lineNumber = 126
    - location = {"name":"open","filename":"resource://gre/modules/ServiceRequest.sys.mjs","sourceId":27,"lineNumber":126,"columnNumber":11,"asyncCause":null,"asyncCaller":null,"caller":{"filename":"resource://services-settings/Utils.sys.mjs","name":"fetch/<","sourceId":26,"lineNumber":284,"columnNumber":15,"asyncCause":null,"asyncCaller":null,"caller":{"filename":"resource://services-settings/Utils.sys.mjs","name":"fetch","sourceId":26,"lineNumber":235,"columnNumber":12,"asyncCause":null,"asyncCaller":null,"caller":{"filename":"resource://services-settings/Attachments.sys.mjs","name":"_fetchAttachment","sourceId":25,"lineNumber":560,"columnNumber":35,"asyncCause":null,"asyncCaller":null,"caller":{"filename":"resource://services-settings/Attachments.sys.mjs","name":"downloadAsBytes","sourceId":25,"lineNumber":537,"columnNumber":35,"asyncCause":null,"asyncCaller":null,"caller":null,"formattedStack":"downloadAsBytes@resource://services-settings/Attachments.sys.mjs:537:35\n","nativeSavedFrame":{}},"formattedStack":"_fetchAttachment@resource://services-settings/Attachments.sys.mjs:560:35\ndownloadAsBytes@resource://services-settings/Attachments.sys.mjs:537:35\n","nativeSavedFrame":{}},"formattedStack":"fetch@resource://services-settings/Utils.sys.mjs:235:12\n_fetchAttachment@resource://services-settings/Attachments.sys.mjs:560:35\ndownloadAsBytes@resource://services-settings/Attachments.sys.mjs:537:35\n","nativeSavedFrame":{}},"formattedStack":"fetch/<@resource://services-settings/Utils.sys.mjs:284:15\nfetch@resource://services-settings/Utils.sys.mjs:235:12\n_fetchAttachment@resource://services-settings/Attachments.sys.mjs:560:35\ndownloadAsBytes@resource://services-settings/Attachments.sys.mjs:537:35\n","nativeSavedFrame":{}},"formattedStack":"open@resource://gre/modules/ServiceRequest.sys.mjs:126:11\nfetch/<@resource://services-settings/Utils.sys.mjs:284:15\nfetch@resource://services-settings/Utils.sys.mjs:235:12\n_fetchAttachment@resource://services-settings/Attachments.sys.mjs:560:35\ndownloadAsBytes@resource://services-settings/Attachments.sys.mjs:537:35\n","nativeSavedFrame":{}}
    - message = 
    - name = 
    - result = 2152071198
    - stack = open@resource://gre/modules/ServiceRequest.sys.mjs:126:11|fetch/<@resource://services-settings/Utils.sys.mjs:284:15|fetch@resource://services-settings/Utils.sys.mjs:235:12|_fetchAttachment@resource://services-settings/Attachments.sys.mjs:560:35|downloadAsBytes@resource://services-settings/Attachments.sys.mjs:537:35|
  - prototype Object
console.error: RemoteSecuritySettings: 
  failed to download CRLite filter
Object
  - prototype Object
    - columnNumber = 11
    - data = null
    - filename = resource://gre/modules/ServiceRequest.sys.mjs
    - lineNumber = 126
    - location = {"name":"open","filename":"resource://gre/modules/ServiceRequest.sys.mjs","sourceId":27,"lineNumber":126,"columnNumber":11,"asyncCause":null,"asyncCaller":null,"caller":{"filename":"resource://services-settings/Utils.sys.mjs","name":"fetch/<","sourceId":26,"lineNumber":284,"columnNumber":15,"asyncCause":null,"asyncCaller":null,"caller":{"filename":"resource://services-settings/Utils.sys.mjs","name":"fetch","sourceId":26,"lineNumber":235,"columnNumber":12,"asyncCause":null,"asyncCaller":null,"caller":{"filename":"resource://services-settings/Attachments.sys.mjs","name":"_fetchAttachment","sourceId":25,"lineNumber":560,"columnNumber":35,"asyncCause":null,"asyncCaller":null,"caller":{"filename":"resource://services-settings/Attachments.sys.mjs","name":"downloadAsBytes","sourceId":25,"lineNumber":537,"columnNumber":35,"asyncCause":null,"asyncCaller":null,"caller":null,"formattedStack":"downloadAsBytes@resource://services-settings/Attachments.sys.mjs:537:35\n","nativeSavedFrame":{}},"formattedStack":"_fetchAttachment@resource://services-settings/Attachments.sys.mjs:560:35\ndownloadAsBytes@resource://services-settings/Attachments.sys.mjs:537:35\n","nativeSavedFrame":{}},"formattedStack":"fetch@resource://services-settings/Utils.sys.mjs:235:12\n_fetchAttachment@resource://services-settings/Attachments.sys.mjs:560:35\ndownloadAsBytes@resource://services-settings/Attachments.sys.mjs:537:35\n","nativeSavedFrame":{}},"formattedStack":"fetch/<@resource://services-settings/Utils.sys.mjs:284:15\nfetch@resource://services-settings/Utils.sys.mjs:235:12\n_fetchAttachment@resource://services-settings/Attachments.sys.mjs:560:35\ndownloadAsBytes@resource://services-settings/Attachments.sys.mjs:537:35\n","nativeSavedFrame":{}},"formattedStack":"open@resource://gre/modules/ServiceRequest.sys.mjs:126:11\nfetch/<@resource://services-settings/Utils.sys.mjs:284:15\nfetch@resource://services-settings/Utils.sys.mjs:235:12\n_fetchAttachment@resource://services-settings/Attachments.sys.mjs:560:35\ndownloadAsBytes@resource://services-settings/Attachments.sys.mjs:537:35\n","nativeSavedFrame":{}}
    - message = 
    - name = 
    - result = 2152071198
    - stack = open@resource://gre/modules/ServiceRequest.sys.mjs:126:11|fetch/<@resource://services-settings/Utils.sys.mjs:284:15|fetch@resource://services-settings/Utils.sys.mjs:235:12|_fetchAttachment@resource://services-settings/Attachments.sys.mjs:560:35|downloadAsBytes@resource://services-settings/Attachments.sys.mjs:537:35|
  - prototype Object
console.error: RemoteSecuritySettings: 
  failed to download CRLite filter
Object
  - prototype Object
    - columnNumber = 11
    - data = null
    - filename = resource://gre/modules/ServiceRequest.sys.mjs
    - lineNumber = 126
    - location = {"name":"open","filename":"resource://gre/modules/ServiceRequest.sys.mjs","sourceId":27,"lineNumber":126,"columnNumber":11,"asyncCause":null,"asyncCaller":null,"caller":{"filename":"resource://services-settings/Utils.sys.mjs","name":"fetch/<","sourceId":26,"lineNumber":284,"columnNumber":15,"asyncCause":null,"asyncCaller":null,"caller":{"filename":"resource://services-settings/Utils.sys.mjs","name":"fetch","sourceId":26,"lineNumber":235,"columnNumber":12,"asyncCause":null,"asyncCaller":null,"caller":{"filename":"resource://services-settings/Attachments.sys.mjs","name":"_fetchAttachment","sourceId":25,"lineNumber":560,"columnNumber":35,"asyncCause":null,"asyncCaller":null,"caller":{"filename":"resource://services-settings/Attachments.sys.mjs","name":"downloadAsBytes","sourceId":25,"lineNumber":537,"columnNumber":35,"asyncCause":null,"asyncCaller":null,"caller":null,"formattedStack":"downloadAsBytes@resource://services-settings/Attachments.sys.mjs:537:35\n","nativeSavedFrame":{}},"formattedStack":"_fetchAttachment@resource://services-settings/Attachments.sys.mjs:560:35\ndownloadAsBytes@resource://services-settings/Attachments.sys.mjs:537:35\n","nativeSavedFrame":{}},"formattedStack":"fetch@resource://services-settings/Utils.sys.mjs:235:12\n_fetchAttachment@resource://services-settings/Attachments.sys.mjs:560:35\ndownloadAsBytes@resource://services-settings/Attachments.sys.mjs:537:35\n","nativeSavedFrame":{}},"formattedStack":"fetch/<@resource://services-settings/Utils.sys.mjs:284:15\nfetch@resource://services-settings/Utils.sys.mjs:235:12\n_fetchAttachment@resource://services-settings/Attachments.sys.mjs:560:35\ndownloadAsBytes@resource://services-settings/Attachments.sys.mjs:537:35\n","nativeSavedFrame":{}},"formattedStack":"open@resource://gre/modules/ServiceRequest.sys.mjs:126:11\nfetch/<@resource://services-settings/Utils.sys.mjs:284:15\nfetch@resource://services-settings/Utils.sys.mjs:235:12\n_fetchAttachment@resource://services-settings/Attachments.sys.mjs:560:35\ndownloadAsBytes@resource://services-settings/Attachments.sys.mjs:537:35\n","nativeSavedFrame":{}}
    - message = 
    - name = 
    - result = 2152071198
    - stack = open@resource://gre/modules/ServiceRequest.sys.mjs:126:11|fetch/<@resource://services-settings/Utils.sys.mjs:284:15|fetch@resource://services-settings/Utils.sys.mjs:235:12|_fetchAttachment@resource://services-settings/Attachments.sys.mjs:560:35|downloadAsBytes@resource://services-settings/Attachments.sys.mjs:537:35|
  - prototype Object
console.error: RemoteSecuritySettings: 
  failed to download CRLite filter
Object
  - prototype Object
    - columnNumber = 11
    - data = null
    - filename = resource://gre/modules/ServiceRequest.sys.mjs
    - lineNumber = 126
    - location = {"name":"open","filename":"resource://gre/modules/ServiceRequest.sys.mjs","sourceId":27,"lineNumber":126,"columnNumber":11,"asyncCause":null,"asyncCaller":null,"caller":{"filename":"resource://services-settings/Utils.sys.mjs","name":"fetch/<","sourceId":26,"lineNumber":284,"columnNumber":15,"asyncCause":null,"asyncCaller":null,"caller":{"filename":"resource://services-settings/Utils.sys.mjs","name":"fetch","sourceId":26,"lineNumber":235,"columnNumber":12,"asyncCause":null,"asyncCaller":null,"caller":{"filename":"resource://services-settings/Attachments.sys.mjs","name":"_fetchAttachment","sourceId":25,"lineNumber":560,"columnNumber":35,"asyncCause":null,"asyncCaller":null,"caller":{"filename":"resource://services-settings/Attachments.sys.mjs","name":"downloadAsBytes","sourceId":25,"lineNumber":537,"columnNumber":35,"asyncCause":null,"asyncCaller":null,"caller":null,"formattedStack":"downloadAsBytes@resource://services-settings/Attachments.sys.mjs:537:35\n","nativeSavedFrame":{}},"formattedStack":"_fetchAttachment@resource://services-settings/Attachments.sys.mjs:560:35\ndownloadAsBytes@resource://services-settings/Attachments.sys.mjs:537:35\n","nativeSavedFrame":{}},"formattedStack":"fetch@resource://services-settings/Utils.sys.mjs:235:12\n_fetchAttachment@resource://services-settings/Attachments.sys.mjs:560:35\ndownloadAsBytes@resource://services-settings/Attachments.sys.mjs:537:35\n","nativeSavedFrame":{}},"formattedStack":"fetch/<@resource://services-settings/Utils.sys.mjs:284:15\nfetch@resource://services-settings/Utils.sys.mjs:235:12\n_fetchAttachment@resource://services-settings/Attachments.sys.mjs:560:35\ndownloadAsBytes@resource://services-settings/Attachments.sys.mjs:537:35\n","nativeSavedFrame":{}},"formattedStack":"open@resource://gre/modules/ServiceRequest.sys.mjs:126:11\nfetch/<@resource://services-settings/Utils.sys.mjs:284:15\nfetch@resource://services-settings/Utils.sys.mjs:235:12\n_fetchAttachment@resource://services-settings/Attachments.sys.mjs:560:35\ndownloadAsBytes@resource://services-settings/Attachments.sys.mjs:537:35\n","nativeSavedFrame":{}}
    - message = 
    - name = 
    - result = 2152071198
    - stack = open@resource://gre/modules/ServiceRequest.sys.mjs:126:11|fetch/<@resource://services-settings/Utils.sys.mjs:284:15|fetch@resource://services-settings/Utils.sys.mjs:235:12|_fetchAttachment@resource://services-settings/Attachments.sys.mjs:560:35|downloadAsBytes@resource://services-settings/Attachments.sys.mjs:537:35|
  - prototype Object
console.warn: TopSitesFeed: Failed to fetch data from MARS server: NetworkError when attempting to fetch resource.
JavaScript error: resource://services-settings/IDBHelpers.sys.mjs, line 16: Error: IndexedDB: security-state/cert-revocations importChanges() IndexedDB:  execute() The application is shutting down
JavaScript error: resource://gre/modules/Sqlite.sys.mjs, line 1128: Error: Connection is not open.
[GFX1-]: VideoBridgeParent receives IPC close with reason=AbnormalShutdown
